Job_ID,Career_Path,Job_Title,Company,Location,Experience,Salary_LPA,SQL,Excel,PowerBI,Python,Tableau,Statistics,Dashboarding,Figma,Wireframing,User_Research
1,UI/UX Design,Product Designer,Paytm,Noida,0-2 Years,8.8,0,0,0,0,0,0,0,1,0,0
2,UI/UX Design,UX Designer,Paytm,Gurugram,1-3 Years,10.2,0,0,0,0,0,0,0,1,1,1
3,Data Analytics,Analytics Associate,Cognizant,Hyderabad,1-3 Years,11.7,1,1,1,1,0,0,1,0,0,0
4,Data Analytics,Business Analyst,Deloitte,Mumbai,3-5 Years,15.8,1,1,1,0,1,1,0,0,0,0
5,Data Analytics,Reporting Analyst,Deloitte,Hyderabad,1-3 Years,13.2,1,1,1,0,1,1,1,0,0,0
6,Data Analytics,Reporting Analyst,EY,Bengaluru,1-3 Years,8.2,1,1,1,0,1,1,1,0,0,0
7,UI/UX Design,UI/UX Designer,Amazon India,Bengaluru,0-2 Years,8,0,0,0,0,0,0,0,1,0,0
8,UI/UX Design,UX Designer,Paytm,Bengaluru,3-5 Years,22.5,0,0,0,0,0,0,0,1,0,1
9,Data Analytics,Data Analyst,PwC,Chennai,1-3 Years,10.5,0,1,1,1,1,1,1,1,0,0
10,UI/UX Design,UX Researcher,Paytm,Bengaluru,0-2 Years,5.7,0,0,0,0,0,0,0,1,1,1
11,UI/UX Design,Product Designer,Meesho,Gurugram,1-3 Years,12.6,0,1,0,0,1,0,0,1,1,1
12,UI/UX Design,Product Designer,Flipkart,Mumbai,0-2 Years,8.4,1,1,0,0,0,0,0,1,1,0
13,Data Analytics,Reporting Analyst,Genpact,Bengaluru,1-3 Years,10.9,1,1,0,1,1,1,1,0,0,0
14,Data Analytics,Data Analyst,IBM,Bengaluru,1-3 Years,11.9,1,1,1,0,1,1,1,0,0,0
15,Data Analytics,Data Analyst,IBM,Pune,0-2 Years,6.5,1,0,1,1,1,1,1,0,0,0
16,UI/UX Design,Product Designer,Amazon India,Gurugram,0-2 Years,7.9,0,1,0,0,0,1,0,1,1,1
17,Data Analytics,Data Analyst,Deloitte,Hyderabad,3-5 Years,21.8,0,1,1,1,1,0,0,0,0,0
18,Data Analytics,Reporting Analyst,Deloitte,Mumbai,3-5 Years,16.3,0,1,1,0,0,1,1,0,0,0
19,Data Analytics,BI Analyst,Infosys,Noida,3-5 Years,14.8,1,1,0,1,0,1,1,0,0,0
20,Data Analytics,Analytics Associate,KPMG,Bengaluru,3-5 Years,21.5,1,1,0,0,1,1,1,0,0,0
21,Data Analytics,Data Analyst,TCS,Delhi,0-2 Years,5.2,1,1,0,1,1,0,1,0,0,0
22,Data Analytics,BI Analyst,KPMG,Bengaluru,3-5 Years,17.9,1,1,0,1,1,1,0,0,0,0
23,Data Analytics,Business Analyst,Infosys,Bengaluru,3-5 Years,21.1,1,1,0,1,0,1,1,0,0,0
24,UI/UX Design,UI Designer,Meesho,Gurugram,1-3 Years,12.9,0,0,0,0,0,1,0,1,1,1
25,Data Analytics,BI Analyst,EY,Bengaluru,1-3 Years,12.3,0,1,1,1,0,0,0,0,0,0
26,UI/UX Design,UX Researcher,Swiggy,Delhi,1-3 Years,9.4,0,0,0,0,0,1,0,1,1,1
27,Data Analytics,Analytics Associate,Accenture,Bengaluru,1-3 Years,8.4,0,1,1,1,0,1,0,0,0,0
28,UI/UX Design,Product Designer,Swiggy,Pune,1-3 Years,9.9,0,1,0,0,0,0,0,0,1,1
29,UI/UX Design,UI/UX Designer,Paytm,Bengaluru,1-3 Years,12.5,0,1,0,0,0,0,1,1,1,1
30,UI/UX Design,UX Designer,Flipkart,Bengaluru,0-2 Years,5.8,0,1,0,0,0,0,0,1,1,0
31,Data Analytics,Reporting Analyst,Genpact,Chennai,1-3 Years,12,0,1,1,0,0,1,1,0,0,0
32,UI/UX Design,UX Designer,Paytm,Pune,0-2 Years,7.7,0,0,0,0,0,0,0,1,1,1
33,Data Analytics,Reporting Analyst,KPMG,Chennai,1-3 Years,11,1,0,1,1,0,1,1,0,1,0
34,UI/UX Design,UI Designer,Paytm,Mumbai,1-3 Years,12.3,0,0,0,0,0,0,0,1,1,1
35,Data Analytics,Analytics Associate,PwC,Chennai,0-2 Years,4.2,1,1,1,0,1,1,0,0,0,0
36,Data Analytics,Business Analyst,Genpact,Bengaluru,1-3 Years,12.5,0,1,1,0,0,0,1,1,0,0
37,Data Analytics,Analytics Associate,Genpact,Noida,0-2 Years,6.8,1,1,1,0,0,1,1,0,0,0
38,Data Analytics,Analytics Associate,Infosys,Pune,3-5 Years,18.9,1,1,0,1,1,1,0,0,0,0
39,UI/UX Design,UI/UX Designer,CRED,Hyderabad,0-2 Years,6,0,1,1,0,0,0,0,1,1,1
40,Data Analytics,Analytics Associate,IBM,Chennai,1-3 Years,9.3,0,1,1,0,0,1,1,0,0,0
41,Data Analytics,Business Analyst,KPMG,Pune,0-2 Years,4.3,1,1,0,0,0,0,1,0,0,0
42,Data Analytics,Business Analyst,Genpact,Gurugram,1-3 Years,13,0,1,1,0,0,1,1,0,0,0
43,Data Analytics,Reporting Analyst,PwC,Gurugram,1-3 Years,12.4,1,1,0,1,0,1,0,0,0,0
44,Data Analytics,BI Analyst,KPMG,Bengaluru,1-3 Years,10.6,1,1,1,1,0,1,1,0,0,0
45,UI/UX Design,UX Researcher,Meesho,Bengaluru,1-3 Years,10.6,0,0,0,0,0,0,0,1,1,0
46,Data Analytics,BI Analyst,IBM,Chennai,0-2 Years,7,1,1,1,1,1,1,1,0,0,0
47,UI/UX Design,UI/UX Designer,PhonePe,Bengaluru,1-3 Years,13.6,0,0,1,0,1,0,0,1,1,0
48,Data Analytics,Data Analyst,Deloitte,Chennai,3-5 Years,21.7,1,1,1,1,0,0,1,0,0,0
49,Data Analytics,Analytics Associate,Accenture,Hyderabad,0-2 Years,7.5,0,1,1,1,1,1,1,1,0,0
50,Data Analytics,Analytics Associate,PwC,Mumbai,3-5 Years,14.8,1,1,1,0,0,1,1,0,0,0
51,UI/UX Design,UX Researcher,Flipkart,Noida,1-3 Years,12.3,0,0,0,0,0,0,0,1,0,1
52,Data Analytics,Data Analyst,Cognizant,Pune,3-5 Years,20.5,1,1,1,1,0,1,1,0,0,0
53,UI/UX Design,UI/UX Designer,CRED,Pune,0-2 Years,7.3,0,0,0,0,0,0,0,1,1,1
54,Data Analytics,Reporting Analyst,Accenture,Bengaluru,1-3 Years,8.2,1,1,0,1,1,0,1,0,0,0
55,Data Analytics,BI Analyst,KPMG,Gurugram,0-2 Years,6.3,1,1,1,1,0,1,1,0,0,0
56,UI/UX Design,UI Designer,PhonePe,Noida,0-2 Years,5.4,0,0,0,0,0,0,0,1,1,1
57,Data Analytics,BI Analyst,Genpact,Bengaluru,0-2 Years,6.8,1,1,1,1,0,1,1,0,0,0
58,Data Analytics,Data Analyst,Accenture,Chennai,0-2 Years,6.1,1,1,0,0,0,1,1,0,0,0
59,UI/UX Design,UX Researcher,Amazon India,Bengaluru,0-2 Years,7.6,0,1,0,0,0,0,0,1,1,1
60,Data Analytics,Reporting Analyst,Deloitte,Mumbai,1-3 Years,10.8,1,1,1,1,1,0,0,0,0,0
61,Data Analytics,Analytics Associate,TCS,Delhi,0-2 Years,7.4,0,1,0,1,0,0,1,0,0,0
62,UI/UX Design,Product Designer,Flipkart,Gurugram,3-5 Years,19.8,0,0,0,0,0,0,0,1,0,1
63,Data Analytics,Reporting Analyst,Cognizant,Noida,0-2 Years,4.6,0,1,0,1,1,0,0,0,0,0
64,Data Analytics,Analytics Associate,KPMG,Bengaluru,0-2 Years,4.1,1,1,1,1,0,1,1,0,0,0
65,Data Analytics,Analytics Associate,Infosys,Bengaluru,3-5 Years,14.3,1,1,0,1,0,1,1,0,0,0
66,Data Analytics,BI Analyst,Infosys,Hyderabad,3-5 Years,19.8,1,1,1,0,0,1,1,0,0,0
67,Data Analytics,Analytics Associate,EY,Mumbai,0-2 Years,4.8,1,1,1,0,0,1,1,0,0,0
68,UI/UX Design,UX Designer,Groww,Bengaluru,3-5 Years,20.1,0,1,0,0,0,0,0,1,0,1
69,UI/UX Design,UX Researcher,Groww,Hyderabad,0-2 Years,7.4,0,0,0,0,0,0,0,1,1,1
70,Data Analytics,BI Analyst,Accenture,Chennai,1-3 Years,8.1,1,1,0,0,0,1,1,0,0,0
71,Data Analytics,Data Analyst,IBM,Hyderabad,1-3 Years,8,1,1,0,1,0,0,0,0,0,0
72,Data Analytics,BI Analyst,Cognizant,Hyderabad,0-2 Years,5.2,1,1,1,1,1,1,1,0,0,0
73,Data Analytics,Data Analyst,Infosys,Pune,3-5 Years,21.4,0,1,1,0,0,1,1,0,0,0
74,Data Analytics,Reporting Analyst,PwC,Pune,0-2 Years,7.5,1,1,1,0,1,0,1,0,0,0
75,UI/UX Design,UX Designer,Meesho,Hyderabad,3-5 Years,23.5,0,0,0,0,0,0,0,0,1,1
76,UI/UX Design,UI/UX Designer,Amazon India,Delhi,1-3 Years,11.8,0,0,0,0,0,0,0,1,0,1
77,Data Analytics,Analytics Associate,Deloitte,Mumbai,3-5 Years,19.6,1,1,1,0,0,1,1,0,0,0
78,UI/UX Design,UI Designer,Groww,Hyderabad,0-2 Years,8.5,0,1,0,0,0,0,0,1,1,1
79,Data Analytics,Reporting Analyst,Cognizant,Pune,0-2 Years,7.7,1,1,1,1,1,1,1,0,0,0
80,UI/UX Design,UX Researcher,Swiggy,Bengaluru,0-2 Years,6.9,0,0,0,0,0,0,0,1,1,1
81,Data Analytics,Analytics Associate,Genpact,Noida,0-2 Years,5.3,1,1,1,1,0,0,0,0,0,0
82,Data Analytics,Data Analyst,EY,Pune,1-3 Years,9.3,1,1,1,0,1,1,0,1,0,0
83,Data Analytics,Analytics Associate,Accenture,Noida,0-2 Years,6.4,1,1,1,0,0,1,1,0,0,0
84,Data Analytics,Business Analyst,Infosys,Pune,0-2 Years,6.9,1,1,1,0,0,1,0,0,0,0
85,UI/UX Design,UX Designer,Razorpay,Bengaluru,0-2 Years,8.5,0,1,0,0,0,1,0,1,0,1
86,Data Analytics,Data Analyst,Cognizant,Noida,1-3 Years,11.9,0,1,1,1,0,0,1,0,0,0
87,Data Analytics,Analytics Associate,PwC,Bengaluru,1-3 Years,9.1,1,0,1,0,0,1,1,0,0,0
88,Data Analytics,Data Analyst,TCS,Noida,1-3 Years,9.2,1,1,0,0,1,1,1,0,0,0
89,UI/UX Design,Product Designer,Zomato,Bengaluru,0-2 Years,9,0,0,0,1,0,0,0,1,1,1
90,Data Analytics,Analytics Associate,KPMG,Bengaluru,3-5 Years,21.5,1,0,0,0,0,1,1,0,0,0
91,UI/UX Design,UI/UX Designer,Groww,Noida,0-2 Years,5.7,0,1,0,0,0,0,0,1,1,0
92,Data Analytics,Analytics Associate,IBM,Bengaluru,3-5 Years,19.1,0,1,1,0,1,0,1,0,0,0
93,Data Analytics,Business Analyst,Cognizant,Bengaluru,0-2 Years,7.1,0,1,1,0,0,1,1,0,0,0
94,UI/UX Design,UI Designer,Flipkart,Hyderabad,1-3 Years,14,0,1,0,0,0,0,0,1,1,0
95,Data Analytics,Reporting Analyst,EY,Hyderabad,3-5 Years,18.1,1,1,1,1,0,0,1,0,0,0
96,Data Analytics,BI Analyst,IBM,Hyderabad,1-3 Years,11,1,1,0,0,0,0,1,0,0,0
97,UI/UX Design,Product Designer,Swiggy,Chennai,0-2 Years,9,0,0,0,0,0,0,0,1,1,1
98,Data Analytics,BI Analyst,TCS,Chennai,0-2 Years,5.4,1,1,1,1,1,0,1,0,0,0
99,UI/UX Design,UX Researcher,PhonePe,Hyderabad,1-3 Years,14.6,1,0,0,0,0,0,0,1,1,0
100,Data Analytics,Reporting Analyst,Deloitte,Chennai,0-2 Years,5.7,1,1,1,1,0,0,1,0,0,0
101,UI/UX Design,UI Designer,Meesho,Chennai,1-3 Years,14.4,0,0,0,0,0,0,0,1,1,1
102,UI/UX Design,UX Designer,Paytm,Hyderabad,0-2 Years,6.7,0,1,0,0,0,1,0,1,1,1
103,UI/UX Design,UX Designer,Amazon India,Hyderabad,0-2 Years,8.3,0,0,0,0,0,0,1,1,1,1
104,Data Analytics,Data Analyst,EY,Bengaluru,0-2 Years,6.2,1,1,0,1,1,0,1,0,0,0
105,UI/UX Design,UX Designer,Meesho,Hyderabad,0-2 Years,7,0,0,0,0,0,0,0,1,0,1
106,Data Analytics,Business Analyst,Accenture,Bengaluru,0-2 Years,7.8,1,1,1,1,0,0,1,0,0,0
107,Data Analytics,BI Analyst,TCS,Bengaluru,1-3 Years,9.2,1,1,1,1,1,1,1,0,0,0
108,Data Analytics,Analytics Associate,EY,Hyderabad,0-2 Years,6.2,1,1,1,0,1,1,0,0,0,0
109,Data Analytics,Business Analyst,Deloitte,Hyderabad,1-3 Years,9.8,1,1,1,0,1,1,1,0,0,0
110,Data Analytics,Reporting Analyst,EY,Mumbai,3-5 Years,20.7,1,1,0,1,1,1,1,0,0,0
111,Data Analytics,BI Analyst,Accenture,Bengaluru,1-3 Years,11.4,1,1,1,1,0,1,1,0,0,0
112,UI/UX Design,Product Designer,Flipkart,Mumbai,1-3 Years,10.1,0,0,0,0,0,0,0,1,1,0
113,Data Analytics,Business Analyst,Accenture,Delhi,1-3 Years,13.7,1,1,1,1,0,1,0,0,0,0
114,UI/UX Design,Product Designer,Razorpay,Bengaluru,3-5 Years,19,0,0,0,0,0,0,1,1,1,0
115,Data Analytics,BI Analyst,Accenture,Mumbai,1-3 Years,11.9,0,1,1,1,0,1,1,0,0,0
116,UI/UX Design,UX Researcher,Paytm,Bengaluru,0-2 Years,5.5,0,0,0,0,0,0,0,1,1,1
117,UI/UX Design,UX Researcher,Razorpay,Bengaluru,3-5 Years,15.9,0,1,0,0,0,0,0,1,1,1
118,UI/UX Design,UX Researcher,Amazon India,Gurugram,0-2 Years,6.2,1,0,0,0,0,0,1,1,1,1
119,UI/UX Design,UI/UX Designer,Zomato,Gurugram,0-2 Years,6.8,0,0,0,0,0,1,0,1,1,1
120,Data Analytics,Business Analyst,EY,Pune,0-2 Years,6.1,1,1,0,0,1,1,1,0,0,0
121,UI/UX Design,UX Researcher,Meesho,Mumbai,0-2 Years,6.5,0,0,0,0,0,0,0,1,1,1
122,UI/UX Design,UX Researcher,Zomato,Gurugram,0-2 Years,8.2,0,0,0,0,0,0,1,1,1,0
123,Data Analytics,BI Analyst,TCS,Gurugram,3-5 Years,14.7,0,1,1,1,0,1,1,0,0,0
124,Data Analytics,Business Analyst,IBM,Bengaluru,1-3 Years,9.3,1,1,0,1,1,1,1,0,0,0
125,UI/UX Design,UX Researcher,Zomato,Pune,3-5 Years,21.8,0,0,0,0,0,0,0,1,1,0
126,UI/UX Design,UI Designer,Groww,Bengaluru,0-2 Years,7.7,1,0,0,0,0,0,0,1,1,1
127,Data Analytics,Reporting Analyst,TCS,Bengaluru,1-3 Years,12.7,1,1,1,1,1,0,0,0,0,0
128,UI/UX Design,Product Designer,Swiggy,Hyderabad,1-3 Years,15,0,0,1,0,0,1,0,0,1,0
129,Data Analytics,Reporting Analyst,Deloitte,Bengaluru,0-2 Years,6.7,1,1,1,1,1,0,1,0,0,0
130,UI/UX Design,UI Designer,Groww,Bengaluru,0-2 Years,5.7,0,0,0,0,0,0,1,1,1,0
131,Data Analytics,Reporting Analyst,IBM,Bengaluru,0-2 Years,4.3,0,1,0,1,1,1,1,0,0,0
132,Data Analytics,Analytics Associate,Accenture,Hyderabad,0-2 Years,4.6,1,1,0,0,0,1,0,0,0,0
133,UI/UX Design,UI Designer,Amazon India,Chennai,0-2 Years,7.2,0,1,0,0,0,0,1,1,0,1
134,Data Analytics,Analytics Associate,Accenture,Hyderabad,1-3 Years,8.2,1,1,1,1,1,1,1,0,0,0
135,Data Analytics,Business Analyst,PwC,Noida,0-2 Years,5.8,1,1,1,1,0,0,1,0,0,0
136,Data Analytics,Data Analyst,KPMG,Noida,1-3 Years,10.8,1,1,0,0,1,1,1,0,0,0
137,UI/UX Design,UI Designer,Swiggy,Bengaluru,0-2 Years,5.7,0,1,1,0,0,0,0,1,1,1
138,UI/UX Design,UX Designer,Groww,Noida,0-2 Years,6.9,1,0,0,0,0,0,0,1,1,1
139,Data Analytics,BI Analyst,Accenture,Pune,0-2 Years,5.4,0,1,1,1,0,1,1,0,0,0
140,UI/UX Design,UI/UX Designer,Razorpay,Bengaluru,0-2 Years,6.6,1,0,0,0,0,0,0,1,0,1
141,Data Analytics,Reporting Analyst,Genpact,Chennai,1-3 Years,12.1,0,1,1,0,0,1,0,0,0,0
142,Data Analytics,Data Analyst,Genpact,Hyderabad,0-2 Years,7.1,1,1,1,1,0,1,1,0,0,0
143,UI/UX Design,UI/UX Designer,Razorpay,Mumbai,0-2 Years,7.3,0,1,0,0,0,0,0,1,1,1
144,Data Analytics,BI Analyst,IBM,Hyderabad,1-3 Years,10.9,1,0,1,1,0,1,0,0,0,0
145,Data Analytics,Reporting Analyst,Accenture,Gurugram,1-3 Years,9.8,1,1,0,0,0,0,1,0,0,0
146,UI/UX Design,UI Designer,Razorpay,Chennai,0-2 Years,7.6,0,1,0,0,0,1,1,1,1,0
147,UI/UX Design,UI Designer,Swiggy,Gurugram,0-2 Years,5.9,0,1,0,0,0,0,0,1,0,1
148,Data Analytics,Reporting Analyst,Genpact,Delhi,0-2 Years,7.7,1,1,0,1,0,1,1,0,0,0
149,Data Analytics,BI Analyst,Accenture,Bengaluru,1-3 Years,12,1,1,0,1,1,1,1,0,0,0
150,Data Analytics,Business Analyst,Genpact,Bengaluru,0-2 Years,6.1,1,1,1,0,1,1,1,0,0,0
151,UI/UX Design,Product Designer,Flipkart,Mumbai,1-3 Years,11.5,1,1,0,0,0,0,0,1,1,0
152,UI/UX Design,Product Designer,Flipkart,Hyderabad,3-5 Years,17,0,0,0,0,0,0,0,1,1,1
153,UI/UX Design,UI/UX Designer,Meesho,Bengaluru,1-3 Years,12.5,0,0,0,0,0,0,0,1,1,1
154,Data Analytics,Business Analyst,TCS,Gurugram,0-2 Years,4.3,1,1,1,1,1,1,1,0,0,0
155,UI/UX Design,UX Designer,Razorpay,Chennai,0-2 Years,7.5,0,1,0,0,0,0,0,1,1,1
156,Data Analytics,Business Analyst,TCS,Pune,0-2 Years,4.5,1,1,1,1,0,1,1,0,0,0
157,UI/UX Design,UI/UX Designer,CRED,Bengaluru,3-5 Years,20.1,1,0,0,0,0,1,0,1,1,1
158,UI/UX Design,Product Designer,Zomato,Bengaluru,1-3 Years,11.4,0,0,0,0,0,0,0,1,1,1
159,Data Analytics,Data Analyst,IBM,Bengaluru,3-5 Years,19.9,1,0,1,0,0,0,0,0,0,0
160,UI/UX Design,Product Designer,Paytm,Gurugram,1-3 Years,10.6,1,0,0,0,0,0,0,1,1,1
161,Data Analytics,Business Analyst,Accenture,Hyderabad,0-2 Years,6.1,1,1,1,0,1,0,0,0,0,0
162,Data Analytics,Business Analyst,Accenture,Hyderabad,0-2 Years,6.3,1,1,0,1,0,1,1,0,0,0
163,Data Analytics,Data Analyst,Accenture,Pune,3-5 Years,17,1,1,1,0,0,1,1,0,0,0
164,Data Analytics,Reporting Analyst,Cognizant,Hyderabad,3-5 Years,20.6,1,1,1,1,1,1,1,0,0,0
165,UI/UX Design,UX Researcher,Swiggy,Bengaluru,3-5 Years,18.1,0,0,0,0,0,0,0,1,1,1
166,Data Analytics,Data Analyst,Cognizant,Noida,0-2 Years,6.5,1,1,1,0,1,1,1,0,0,0
167,Data Analytics,Reporting Analyst,Genpact,Bengaluru,0-2 Years,6.9,1,1,1,0,0,1,1,0,0,0
168,Data Analytics,Reporting Analyst,IBM,Pune,0-2 Years,6.1,0,1,1,1,0,0,1,0,0,0
169,Data Analytics,Analytics Associate,Accenture,Mumbai,1-3 Years,9.6,1,1,1,1,1,1,1,0,0,0
170,Data Analytics,Business Analyst,Genpact,Gurugram,0-2 Years,6.4,1,1,0,1,0,1,0,0,0,0
171,Data Analytics,Business Analyst,Infosys,Gurugram,0-2 Years,7.4,1,1,0,1,0,1,1,0,0,0
172,Data Analytics,BI Analyst,KPMG,Chennai,1-3 Years,11.6,1,0,1,0,1,0,1,0,0,0
173,Data Analytics,Data Analyst,PwC,Hyderabad,0-2 Years,7.1,1,1,1,0,1,1,1,0,0,0
174,Data Analytics,BI Analyst,TCS,Bengaluru,1-3 Years,8.5,1,1,1,0,0,0,0,0,0,0
175,UI/UX Design,UI/UX Designer,PhonePe,Hyderabad,1-3 Years,14.4,0,0,0,0,0,1,0,1,1,1
176,Data Analytics,Data Analyst,KPMG,Chennai,0-2 Years,4.2,0,0,1,1,0,0,0,0,1,0
177,UI/UX Design,UX Researcher,PhonePe,Hyderabad,0-2 Years,8.8,0,0,0,0,0,0,0,1,1,0
178,UI/UX Design,UX Designer,PhonePe,Pune,0-2 Years,5.2,0,0,0,0,0,0,0,1,1,1
179,Data Analytics,Reporting Analyst,PwC,Chennai,0-2 Years,4.9,1,0,1,1,1,1,1,0,0,0
180,Data Analytics,Data Analyst,PwC,Bengaluru,0-2 Years,8,1,1,1,1,0,0,1,0,0,0
181,UI/UX Design,UI/UX Designer,Groww,Pune,1-3 Years,13.4,0,0,0,0,0,0,0,1,1,0
182,Data Analytics,Data Analyst,EY,Gurugram,0-2 Years,4.7,1,1,1,1,0,1,1,0,0,0
183,Data Analytics,Analytics Associate,IBM,Chennai,0-2 Years,8,1,1,1,1,1,1,1,0,0,0
184,Data Analytics,Reporting Analyst,Genpact,Bengaluru,3-5 Years,16.7,1,0,1,1,0,1,1,0,0,0
185,Data Analytics,BI Analyst,EY,Hyderabad,0-2 Years,4.6,1,1,1,0,1,0,0,0,0,0
186,Data Analytics,Analytics Associate,IBM,Chennai,1-3 Years,8.5,1,0,1,1,0,1,1,0,0,0
187,Data Analytics,Analytics Associate,PwC,Hyderabad,1-3 Years,9.2,1,1,0,0,1,1,1,0,0,0
188,UI/UX Design,UX Researcher,Flipkart,Chennai,0-2 Years,7.1,1,0,0,0,0,0,0,1,1,0
189,UI/UX Design,UX Researcher,Flipkart,Pune,0-2 Years,5.3,0,0,0,0,0,0,0,1,0,1
190,UI/UX Design,UI/UX Designer,Meesho,Pune,0-2 Years,7.2,0,0,0,0,0,0,0,1,1,1
191,Data Analytics,Business Analyst,Deloitte,Pune,3-5 Years,21.6,0,1,1,1,0,0,1,0,0,0
192,Data Analytics,Analytics Associate,PwC,Hyderabad,3-5 Years,17.9,1,1,1,0,0,1,1,0,0,0
193,Data Analytics,Reporting Analyst,Genpact,Hyderabad,0-2 Years,7.5,1,1,1,0,0,0,1,0,0,0
194,UI/UX Design,UI/UX Designer,Flipkart,Bengaluru,0-2 Years,8.6,0,0,1,0,0,0,0,1,1,0
195,Data Analytics,Analytics Associate,PwC,Gurugram,1-3 Years,9.3,1,1,1,1,0,1,1,0,0,0
196,Data Analytics,Reporting Analyst,PwC,Hyderabad,0-2 Years,8,1,0,1,1,1,1,0,0,0,0
197,Data Analytics,Analytics Associate,EY,Bengaluru,0-2 Years,7.9,1,0,0,1,0,1,0,0,0,0
198,UI/UX Design,UI Designer,Razorpay,Pune,0-2 Years,5.7,1,1,1,0,0,0,0,1,1,1
199,UI/UX Design,Product Designer,Amazon India,Hyderabad,1-3 Years,9.1,0,0,0,0,0,0,0,1,1,1
200,Data Analytics,Business Analyst,Genpact,Bengaluru,3-5 Years,17.4,1,0,0,1,0,1,1,0,0,0
201,UI/UX Design,UX Researcher,Swiggy,Chennai,1-3 Years,12.4,0,1,0,0,0,1,0,1,1,1
202,Data Analytics,Data Analyst,Infosys,Hyderabad,1-3 Years,9.3,0,1,0,1,0,0,1,0,0,0
203,UI/UX Design,UX Researcher,PhonePe,Pune,3-5 Years,23.7,0,0,0,0,0,0,0,0,1,0
204,Data Analytics,Analytics Associate,EY,Mumbai,3-5 Years,17.5,0,1,1,0,0,1,0,0,0,0
205,Data Analytics,Analytics Associate,Accenture,Hyderabad,0-2 Years,6.2,1,1,1,1,0,0,1,0,0,0
206,Data Analytics,Reporting Analyst,EY,Hyderabad,1-3 Years,10.7,1,1,1,0,1,0,1,0,0,0
207,UI/UX Design,UI/UX Designer,Paytm,Pune,1-3 Years,13.5,0,0,0,0,0,0,0,1,1,1
208,Data Analytics,Data Analyst,EY,Mumbai,0-2 Years,5.5,0,1,1,0,0,0,0,0,0,0
209,Data Analytics,Analytics Associate,TCS,Noida,0-2 Years,5.7,1,1,0,1,0,0,1,0,1,0
210,UI/UX Design,UX Researcher,CRED,Gurugram,3-5 Years,20.7,0,1,0,0,0,0,0,0,1,0
211,UI/UX Design,UI Designer,Paytm,Mumbai,0-2 Years,5,0,0,0,0,0,0,0,1,1,1
212,UI/UX Design,Product Designer,Flipkart,Hyderabad,0-2 Years,6.6,0,1,0,0,0,0,0,1,1,1
213,Data Analytics,Analytics Associate,KPMG,Gurugram,0-2 Years,7.6,0,1,1,0,0,1,1,0,0,0
214,UI/UX Design,UX Designer,Groww,Hyderabad,1-3 Years,9.9,0,1,0,0,0,0,0,0,1,1
215,Data Analytics,Analytics Associate,EY,Pune,3-5 Years,19.2,1,1,1,1,0,1,0,0,0,1
216,Data Analytics,Data Analyst,Accenture,Chennai,0-2 Years,4.5,1,1,1,1,0,0,0,0,0,0
217,UI/UX Design,UX Designer,PhonePe,Mumbai,0-2 Years,5.2,0,0,0,0,0,1,0,1,1,1
218,Data Analytics,Analytics Associate,Infosys,Chennai,0-2 Years,6.8,1,1,1,1,0,1,1,0,0,0
219,UI/UX Design,UI/UX Designer,Groww,Chennai,0-2 Years,7.8,0,0,0,0,0,0,0,1,1,0
220,UI/UX Design,UX Designer,CRED,Chennai,0-2 Years,7.2,0,0,0,0,0,0,0,1,1,1
221,Data Analytics,Business Analyst,KPMG,Hyderabad,0-2 Years,6,1,1,1,1,0,0,1,0,0,0
222,Data Analytics,Data Analyst,TCS,Hyderabad,0-2 Years,5.9,0,1,1,1,1,1,1,0,0,0
223,Data Analytics,Analytics Associate,Accenture,Bengaluru,0-2 Years,4.8,1,1,1,0,0,1,1,0,0,0
224,UI/UX Design,UX Designer,Amazon India,Bengaluru,1-3 Years,11.5,0,0,0,0,0,1,0,1,1,1
225,Data Analytics,Reporting Analyst,KPMG,Pune,3-5 Years,16.2,0,1,1,0,0,1,1,0,0,0
226,Data Analytics,Business Analyst,KPMG,Chennai,0-2 Years,7.1,1,0,1,0,0,1,1,0,0,0
227,Data Analytics,Data Analyst,Accenture,Chennai,0-2 Years,6.9,1,1,0,0,0,1,1,1,0,0
228,Data Analytics,Reporting Analyst,Genpact,Gurugram,0-2 Years,4.8,1,1,1,1,1,0,1,0,0,0
229,Data Analytics,Analytics Associate,EY,Bengaluru,1-3 Years,13.2,1,1,1,0,0,1,1,0,0,0
230,Data Analytics,BI Analyst,Genpact,Bengaluru,1-3 Years,13.1,1,1,0,0,0,0,1,0,0,0
231,UI/UX Design,Product Designer,Razorpay,Noida,0-2 Years,6.4,0,1,0,0,1,0,0,1,1,1
232,Data Analytics,Business Analyst,Cognizant,Bengaluru,3-5 Years,21.6,1,1,1,0,0,1,1,0,0,0
233,UI/UX Design,Product Designer,Zomato,Pune,0-2 Years,5.7,0,0,0,0,0,1,0,1,1,1
234,UI/UX Design,UI/UX Designer,Flipkart,Gurugram,1-3 Years,10.2,0,0,0,0,0,1,0,1,1,1
235,UI/UX Design,UX Designer,Razorpay,Pune,1-3 Years,9.8,0,1,0,0,0,0,0,1,1,0
236,Data Analytics,Reporting Analyst,Cognizant,Bengaluru,1-3 Years,14,1,1,1,0,0,1,1,0,0,0
237,Data Analytics,Reporting Analyst,PwC,Mumbai,0-2 Years,4.3,0,1,1,1,0,1,1,0,0,0
238,UI/UX Design,Product Designer,Swiggy,Bengaluru,0-2 Years,5.2,0,1,0,0,0,1,0,1,1,0
239,Data Analytics,Business Analyst,Genpact,Hyderabad,0-2 Years,5.4,1,1,1,1,0,1,1,0,0,0
240,Data Analytics,BI Analyst,IBM,Hyderabad,0-2 Years,7.4,1,1,1,1,1,0,1,0,0,1
241,UI/UX Design,UX Researcher,Amazon India,Bengaluru,1-3 Years,9.7,0,0,0,0,0,0,0,1,1,1
242,Data Analytics,Data Analyst,Genpact,Pune,3-5 Years,14.7,1,1,0,1,1,1,1,0,0,0
243,UI/UX Design,UI/UX Designer,Amazon India,Mumbai,0-2 Years,8.8,0,0,0,0,0,1,0,1,1,1
244,Data Analytics,Analytics Associate,IBM,Pune,0-2 Years,7.9,1,1,1,1,1,1,1,0,0,0
245,UI/UX Design,UX Designer,PhonePe,Mumbai,0-2 Years,8,0,0,0,0,0,0,1,1,1,0
246,Data Analytics,Data Analyst,TCS,Mumbai,3-5 Years,16.5,1,1,1,1,0,0,1,0,0,0
247,UI/UX Design,UX Designer,Zomato,Pune,3-5 Years,23,0,0,0,0,0,0,1,1,1,0
248,Data Analytics,Analytics Associate,IBM,Bengaluru,3-5 Years,20.3,1,1,1,1,1,1,1,0,0,0
249,Data Analytics,Business Analyst,Deloitte,Gurugram,0-2 Years,4.5,1,1,0,1,1,0,0,0,0,0
250,UI/UX Design,UI/UX Designer,CRED,Bengaluru,1-3 Years,11,0,1,0,0,0,0,0,1,1,1
251,UI/UX Design,UX Researcher,Flipkart,Chennai,1-3 Years,9.4,0,0,0,0,0,0,0,1,1,1
252,Data Analytics,Analytics Associate,EY,Pune,3-5 Years,15.3,1,1,0,0,0,1,1,0,0,0
253,UI/UX Design,UX Researcher,PhonePe,Mumbai,0-2 Years,6.3,0,0,0,0,0,1,0,1,1,1
254,Data Analytics,Data Analyst,Accenture,Pune,1-3 Years,11.7,1,1,1,1,1,1,1,1,0,0
255,UI/UX Design,UI Designer,Flipkart,Delhi,1-3 Years,11.4,0,0,0,0,0,1,0,1,1,1
256,Data Analytics,Analytics Associate,PwC,Hyderabad,3-5 Years,19.2,1,1,1,0,0,1,1,0,0,0
257,Data Analytics,Business Analyst,Accenture,Noida,1-3 Years,10.5,1,1,1,1,1,1,0,0,0,0
258,Data Analytics,Data Analyst,KPMG,Delhi,0-2 Years,5.1,1,0,1,0,1,1,1,0,0,0
259,Data Analytics,BI Analyst,Infosys,Gurugram,1-3 Years,12.9,1,1,1,1,0,1,1,0,0,0
260,UI/UX Design,UX Designer,Meesho,Bengaluru,1-3 Years,14.8,0,0,0,0,0,1,0,1,1,0
261,Data Analytics,Data Analyst,TCS,Bengaluru,3-5 Years,20.6,1,1,1,1,1,1,1,0,0,0
262,UI/UX Design,UI Designer,CRED,Bengaluru,0-2 Years,5.6,0,1,0,0,0,0,1,1,1,1
263,Data Analytics,Data Analyst,Infosys,Chennai,0-2 Years,4.1,0,1,1,1,1,1,1,0,0,0
264,UI/UX Design,UI Designer,Razorpay,Bengaluru,0-2 Years,5.7,0,0,0,0,0,0,0,1,0,1
265,UI/UX Design,UI/UX Designer,Flipkart,Pune,3-5 Years,15.1,0,1,1,0,0,0,0,1,1,1
266,UI/UX Design,UX Researcher,Swiggy,Mumbai,0-2 Years,7.1,1,0,0,0,0,0,0,1,1,1
267,UI/UX Design,Product Designer,CRED,Hyderabad,0-2 Years,7.5,0,0,0,0,0,0,0,1,0,1
268,Data Analytics,Reporting Analyst,Deloitte,Bengaluru,3-5 Years,17.7,1,1,0,0,0,1,0,0,0,0
269,UI/UX Design,UI Designer,Groww,Bengaluru,0-2 Years,5.5,0,0,0,1,0,0,0,1,1,0
270,Data Analytics,Business Analyst,Infosys,Gurugram,0-2 Years,5.8,1,1,1,0,0,1,1,0,0,0
271,Data Analytics,BI Analyst,PwC,Gurugram,0-2 Years,5.1,1,1,0,0,1,0,1,0,0,0
272,UI/UX Design,UX Researcher,Swiggy,Mumbai,1-3 Years,12.9,0,0,0,0,0,0,0,1,1,1
273,UI/UX Design,Product Designer,Groww,Bengaluru,1-3 Years,12.4,0,0,0,0,0,0,0,1,0,0
274,Data Analytics,Analytics Associate,EY,Gurugram,1-3 Years,12.2,0,1,1,1,1,1,1,0,0,0
275,UI/UX Design,UX Designer,PhonePe,Bengaluru,1-3 Years,10.5,0,1,0,0,0,0,0,1,1,1
276,UI/UX Design,UI Designer,Swiggy,Chennai,0-2 Years,7,0,0,0,0,0,0,0,1,1,1
277,Data Analytics,Data Analyst,PwC,Hyderabad,0-2 Years,4.1,1,1,1,0,1,1,1,0,0,0
278,UI/UX Design,Product Designer,Razorpay,Bengaluru,3-5 Years,18.7,0,0,0,0,0,1,0,1,1,1
279,Data Analytics,Data Analyst,Cognizant,Delhi,0-2 Years,5.3,1,0,1,0,0,1,1,0,0,0
280,Data Analytics,Analytics Associate,KPMG,Hyderabad,1-3 Years,13.1,1,1,1,1,0,0,1,1,0,0
281,Data Analytics,Analytics Associate,Accenture,Mumbai,0-2 Years,6.1,1,1,0,1,1,0,1,0,0,0
282,UI/UX Design,UI/UX Designer,PhonePe,Bengaluru,0-2 Years,5.4,0,1,0,0,0,0,0,1,1,1
283,UI/UX Design,Product Designer,Flipkart,Delhi,1-3 Years,11.9,0,1,0,0,0,0,0,1,1,1
284,UI/UX Design,UX Designer,PhonePe,Bengaluru,0-2 Years,8.1,0,0,0,0,0,0,0,0,1,1
285,UI/UX Design,Product Designer,PhonePe,Bengaluru,3-5 Years,18.8,0,0,0,0,0,0,0,1,1,1
286,Data Analytics,Analytics Associate,KPMG,Gurugram,1-3 Years,8.9,1,0,1,0,0,1,1,0,0,0
287,UI/UX Design,Product Designer,Meesho,Bengaluru,1-3 Years,14.7,0,0,0,0,0,0,0,1,1,0
288,UI/UX Design,Product Designer,Paytm,Gurugram,0-2 Years,7.4,0,1,0,0,0,1,0,1,1,1
289,Data Analytics,Analytics Associate,Accenture,Gurugram,3-5 Years,19.5,1,1,0,1,1,1,1,0,0,0
290,Data Analytics,BI Analyst,Genpact,Bengaluru,1-3 Years,10.2,1,1,1,1,1,1,1,0,0,0
291,UI/UX Design,UX Researcher,PhonePe,Pune,0-2 Years,6.4,0,0,0,0,0,0,0,1,1,1
292,Data Analytics,Data Analyst,Accenture,Pune,1-3 Years,12,1,1,0,0,1,1,0,0,0,0
293,Data Analytics,BI Analyst,TCS,Bengaluru,1-3 Years,10.4,1,1,0,0,0,1,1,0,0,0
294,Data Analytics,BI Analyst,Deloitte,Hyderabad,0-2 Years,5.2,1,1,0,0,0,1,1,0,0,0
295,UI/UX Design,UI Designer,Paytm,Pune,1-3 Years,11,1,0,0,0,0,1,0,1,1,1
296,Data Analytics,Reporting Analyst,Accenture,Gurugram,3-5 Years,20.3,1,1,1,1,0,0,0,0,0,0
297,Data Analytics,Data Analyst,EY,Bengaluru,1-3 Years,13.9,1,1,1,1,1,1,1,0,0,0
298,Data Analytics,Analytics Associate,KPMG,Noida,1-3 Years,11,1,1,1,1,1,1,1,0,0,0
299,UI/UX Design,UX Designer,Zomato,Bengaluru,1-3 Years,14.3,0,1,0,0,0,0,0,1,1,1
300,Data Analytics,Analytics Associate,EY,Pune,3-5 Years,19.8,1,1,1,0,0,1,1,0,0,0
301,Data Analytics,Reporting Analyst,Infosys,Gurugram,0-2 Years,4.1,1,1,1,0,0,0,1,0,0,0
302,UI/UX Design,UI Designer,Swiggy,Hyderabad,3-5 Years,22.3,0,0,0,0,0,0,0,1,1,1
303,Data Analytics,Data Analyst,Deloitte,Bengaluru,0-2 Years,5.7,1,1,1,1,1,0,0,0,0,0
304,Data Analytics,Reporting Analyst,Infosys,Pune,0-2 Years,7.8,1,1,0,1,0,1,1,0,1,0
305,UI/UX Design,UX Researcher,PhonePe,Bengaluru,1-3 Years,11.7,0,0,0,0,0,0,0,1,1,1
306,Data Analytics,BI Analyst,Deloitte,Noida,1-3 Years,8.6,1,1,1,0,0,1,1,0,0,0
307,UI/UX Design,Product Designer,Swiggy,Pune,0-2 Years,8.5,0,1,0,0,0,0,0,0,1,1
308,Data Analytics,Data Analyst,TCS,Pune,1-3 Years,10.4,1,1,0,1,1,1,1,0,0,0
309,Data Analytics,Business Analyst,Cognizant,Bengaluru,0-2 Years,7.1,1,1,1,1,0,0,1,0,0,0
310,Data Analytics,Reporting Analyst,Accenture,Mumbai,1-3 Years,13.4,1,1,0,1,1,0,1,0,0,0
311,UI/UX Design,Product Designer,Meesho,Gurugram,0-2 Years,6.5,0,1,0,0,0,0,0,1,1,1
312,UI/UX Design,UI/UX Designer,Amazon India,Chennai,3-5 Years,23.4,1,0,0,0,0,0,0,1,1,1
313,Data Analytics,Business Analyst,Deloitte,Pune,1-3 Years,9,1,1,1,0,1,0,1,0,0,0
314,Data Analytics,Analytics Associate,Infosys,Bengaluru,3-5 Years,18.7,1,1,1,1,0,1,1,0,0,0
315,UI/UX Design,Product Designer,Paytm,Mumbai,0-2 Years,5.2,0,0,0,0,0,0,0,1,1,0
316,Data Analytics,Data Analyst,Infosys,Bengaluru,1-3 Years,9.5,1,1,1,1,0,0,1,1,0,0
317,Data Analytics,Reporting Analyst,Genpact,Hyderabad,0-2 Years,5,1,1,1,0,0,1,0,0,0,0
318,Data Analytics,Business Analyst,KPMG,Bengaluru,1-3 Years,12.9,0,0,1,0,1,1,1,0,0,0
319,Data Analytics,Business Analyst,KPMG,Bengaluru,3-5 Years,21.7,0,1,1,0,1,1,1,0,0,0
320,UI/UX Design,Product Designer,Swiggy,Bengaluru,0-2 Years,5.5,0,0,0,0,0,0,0,1,1,1
321,Data Analytics,Analytics Associate,Infosys,Pune,0-2 Years,4.4,1,0,1,1,0,0,1,0,0,0
322,Data Analytics,BI Analyst,Accenture,Gurugram,3-5 Years,17.1,1,1,1,1,1,0,1,0,0,0
323,UI/UX Design,Product Designer,Flipkart,Pune,0-2 Years,6.2,0,0,0,0,1,0,0,1,1,0
324,Data Analytics,Business Analyst,EY,Delhi,0-2 Years,4.3,1,1,1,1,0,1,1,0,0,0
325,UI/UX Design,UI Designer,Razorpay,Hyderabad,0-2 Years,5.4,0,0,0,0,0,1,0,1,1,1
326,UI/UX Design,UX Designer,Meesho,Gurugram,0-2 Years,8.6,0,0,1,0,0,0,0,1,1,1
327,Data Analytics,Data Analyst,Infosys,Bengaluru,1-3 Years,8.7,1,1,0,1,0,1,1,0,0,0
328,UI/UX Design,Product Designer,Groww,Pune,3-5 Years,15.6,0,0,0,0,0,0,0,1,1,0
329,Data Analytics,Business Analyst,Infosys,Pune,1-3 Years,10.6,1,1,1,1,1,0,1,0,0,0
330,UI/UX Design,UX Designer,CRED,Bengaluru,1-3 Years,13.5,1,1,0,0,0,0,0,1,1,1
331,Data Analytics,Analytics Associate,Cognizant,Pune,0-2 Years,5.6,1,1,1,1,0,1,1,0,0,0
332,UI/UX Design,UX Researcher,Meesho,Noida,0-2 Years,8.8,0,0,0,0,0,0,0,1,1,1
333,Data Analytics,Data Analyst,KPMG,Pune,0-2 Years,6,1,1,1,1,0,1,0,0,0,0
334,UI/UX Design,UX Researcher,Flipkart,Hyderabad,1-3 Years,11.3,0,0,0,1,0,0,1,1,1,1
335,Data Analytics,Business Analyst,PwC,Chennai,0-2 Years,5.6,1,1,0,0,0,1,1,0,0,0
336,Data Analytics,BI Analyst,Accenture,Hyderabad,0-2 Years,6.7,1,1,0,1,1,1,0,0,0,0
337,Data Analytics,Business Analyst,IBM,Hyderabad,1-3 Years,14,1,1,1,0,0,1,0,0,0,0
338,Data Analytics,Data Analyst,IBM,Hyderabad,1-3 Years,9.3,1,1,0,0,0,1,1,0,0,0
339,UI/UX Design,UI/UX Designer,PhonePe,Pune,3-5 Years,23,0,1,0,0,0,0,0,1,0,1
340,UI/UX Design,UI Designer,Swiggy,Gurugram,0-2 Years,8.5,0,1,0,0,0,0,0,1,1,0
341,Data Analytics,Reporting Analyst,TCS,Bengaluru,0-2 Years,5.8,1,1,0,1,1,1,1,0,0,0
342,Data Analytics,Analytics Associate,Genpact,Gurugram,3-5 Years,16,1,1,1,0,0,1,1,0,0,0
343,UI/UX Design,UI/UX Designer,Meesho,Pune,0-2 Years,6.5,0,0,1,0,0,0,0,1,1,1
344,Data Analytics,BI Analyst,Accenture,Bengaluru,0-2 Years,6.2,1,1,1,1,0,1,0,0,0,1
345,UI/UX Design,UI/UX Designer,Zomato,Gurugram,0-2 Years,8.3,0,1,0,0,0,0,0,1,1,1
346,Data Analytics,BI Analyst,Accenture,Pune,3-5 Years,21.6,1,1,1,1,1,1,1,0,0,0
347,Data Analytics,BI Analyst,KPMG,Bengaluru,1-3 Years,8.7,1,0,1,1,0,1,0,0,1,0
348,Data Analytics,Analytics Associate,KPMG,Bengaluru,1-3 Years,11.2,1,1,1,1,1,0,1,0,0,0
349,Data Analytics,Reporting Analyst,Cognizant,Pune,3-5 Years,21.3,1,1,1,1,0,1,0,0,0,0
350,Data Analytics,Data Analyst,Cognizant,Noida,0-2 Years,5.2,1,0,0,0,1,1,1,0,0,0
351,Data Analytics,BI Analyst,Accenture,Bengaluru,0-2 Years,7.8,0,1,0,0,0,1,1,0,0,0
352,UI/UX Design,UI Designer,Paytm,Pune,0-2 Years,5.1,1,0,0,0,0,0,0,1,1,1
353,UI/UX Design,UX Designer,Flipkart,Noida,1-3 Years,14.7,0,0,0,0,0,1,0,0,1,1
354,Data Analytics,Reporting Analyst,Infosys,Bengaluru,0-2 Years,7.5,1,1,1,0,0,1,0,0,0,0
355,Data Analytics,Business Analyst,EY,Hyderabad,0-2 Years,7,1,1,0,0,0,0,1,0,0,0
356,Data Analytics,Analytics Associate,EY,Bengaluru,0-2 Years,4.1,1,1,0,0,0,1,1,0,0,0
357,Data Analytics,Reporting Analyst,Deloitte,Bengaluru,1-3 Years,8.9,1,1,0,1,0,0,1,0,0,0
358,Data Analytics,Business Analyst,Genpact,Bengaluru,1-3 Years,10.1,1,1,1,1,0,1,1,0,0,1
359,UI/UX Design,UX Designer,Zomato,Gurugram,1-3 Years,10,1,1,0,0,0,0,1,1,0,1
360,UI/UX Design,UX Researcher,Razorpay,Chennai,3-5 Years,25,0,0,0,0,0,0,0,1,1,0
361,UI/UX Design,UX Researcher,Groww,Mumbai,0-2 Years,5,1,0,0,0,0,0,1,1,1,0
362,UI/UX Design,UI/UX Designer,Paytm,Hyderabad,0-2 Years,6.3,0,1,0,0,0,0,0,1,1,1
363,UI/UX Design,UX Designer,PhonePe,Mumbai,3-5 Years,18.7,0,1,0,0,0,1,0,1,1,1
364,UI/UX Design,UI/UX Designer,Amazon India,Hyderabad,1-3 Years,12.2,0,1,0,0,0,0,0,1,1,0
365,Data Analytics,Analytics Associate,Accenture,Hyderabad,0-2 Years,6,1,1,0,0,0,0,1,0,0,0
366,UI/UX Design,UI Designer,CRED,Gurugram,3-5 Years,23.2,0,0,0,0,0,0,0,1,1,1
367,UI/UX Design,UI Designer,Meesho,Hyderabad,0-2 Years,5.4,1,0,0,0,1,0,1,1,0,0
368,Data Analytics,Reporting Analyst,Accenture,Bengaluru,3-5 Years,16.7,1,1,1,0,0,1,1,0,0,0
369,Data Analytics,Reporting Analyst,EY,Pune,1-3 Years,10.8,1,1,1,1,1,1,1,0,0,0
370,UI/UX Design,UI Designer,Groww,Mumbai,0-2 Years,7.6,0,1,0,0,0,0,0,1,1,1
371,Data Analytics,Analytics Associate,IBM,Bengaluru,1-3 Years,11.9,1,1,1,0,0,1,1,0,0,0
372,Data Analytics,Business Analyst,Infosys,Hyderabad,0-2 Years,4.2,1,1,1,1,1,1,1,0,0,0
373,UI/UX Design,Product Designer,Groww,Delhi,0-2 Years,6.5,0,0,0,0,0,0,0,1,1,1
374,Data Analytics,BI Analyst,EY,Bengaluru,0-2 Years,5.7,1,1,1,1,0,1,0,0,0,1
375,Data Analytics,Business Analyst,KPMG,Bengaluru,1-3 Years,13.1,1,1,1,0,1,1,1,0,0,0
376,UI/UX Design,UX Designer,Swiggy,Delhi,1-3 Years,11.6,0,0,0,0,0,0,0,1,1,0
377,UI/UX Design,UI/UX Designer,Amazon India,Noida,0-2 Years,8,0,1,0,0,0,1,0,1,1,0
378,Data Analytics,Data Analyst,Deloitte,Noida,0-2 Years,7.2,1,0,1,1,1,0,1,0,0,0
379,UI/UX Design,Product Designer,Razorpay,Noida,3-5 Years,16.9,0,0,0,0,0,0,1,1,1,1
380,Data Analytics,Business Analyst,Infosys,Bengaluru,1-3 Years,11.8,1,1,1,0,0,0,0,0,0,0
381,UI/UX Design,UI/UX Designer,Amazon India,Bengaluru,0-2 Years,5.8,0,0,0,0,0,0,0,1,1,0
382,UI/UX Design,UI Designer,Paytm,Hyderabad,0-2 Years,8.2,0,1,0,0,0,0,0,1,1,0
383,Data Analytics,Reporting Analyst,PwC,Gurugram,3-5 Years,15.5,1,1,0,1,0,1,1,0,0,0
384,Data Analytics,Data Analyst,Genpact,Gurugram,0-2 Years,6,0,1,1,1,0,1,1,0,0,0
385,UI/UX Design,Product Designer,Amazon India,Gurugram,1-3 Years,13.8,0,1,0,0,0,0,0,1,1,1
386,Data Analytics,Data Analyst,Infosys,Hyderabad,3-5 Years,18.8,1,1,1,0,1,1,1,0,0,0
387,Data Analytics,Business Analyst,Cognizant,Bengaluru,0-2 Years,6.2,1,1,1,1,0,1,1,0,0,0
388,Data Analytics,Reporting Analyst,Accenture,Hyderabad,1-3 Years,12.7,1,1,1,1,1,0,1,0,0,0
389,Data Analytics,Analytics Associate,Genpact,Bengaluru,1-3 Years,8.3,1,1,1,1,0,0,1,0,0,0
390,Data Analytics,Data Analyst,Accenture,Noida,0-2 Years,5.2,1,1,1,1,1,1,1,0,0,0
391,Data Analytics,Reporting Analyst,TCS,Bengaluru,3-5 Years,15.4,1,0,1,1,0,1,1,0,0,0
392,UI/UX Design,UX Designer,Swiggy,Bengaluru,0-2 Years,9,0,1,0,0,0,0,0,1,1,0
393,UI/UX Design,UX Designer,Amazon India,Bengaluru,3-5 Years,23.7,0,0,0,0,0,1,0,1,1,0
394,Data Analytics,Business Analyst,Infosys,Pune,0-2 Years,5.4,1,1,0,0,1,1,1,0,0,0
395,Data Analytics,Business Analyst,EY,Pune,1-3 Years,9.9,1,1,0,1,1,1,0,0,0,1
396,Data Analytics,Analytics Associate,TCS,Delhi,1-3 Years,8.3,1,1,1,0,0,0,1,0,0,0
397,Data Analytics,Business Analyst,TCS,Mumbai,1-3 Years,10.2,0,0,1,1,0,1,0,0,0,0
398,Data Analytics,Reporting Analyst,Genpact,Mumbai,0-2 Years,5.5,0,1,1,1,0,1,1,0,0,0
399,Data Analytics,Business Analyst,KPMG,Mumbai,1-3 Years,13.1,1,1,1,1,0,1,1,0,0,0
400,Data Analytics,BI Analyst,EY,Gurugram,0-2 Years,5.3,1,1,1,0,0,1,1,0,1,0
401,UI/UX Design,Product Designer,Amazon India,Bengaluru,3-5 Years,15.6,0,1,0,0,0,0,0,1,1,0
402,Data Analytics,Reporting Analyst,Accenture,Pune,1-3 Years,10,1,1,1,1,1,0,0,0,0,0
403,Data Analytics,BI Analyst,TCS,Hyderabad,0-2 Years,7,1,1,0,0,1,1,1,0,0,0
404,Data Analytics,Business Analyst,Infosys,Hyderabad,0-2 Years,6.8,1,0,1,0,0,1,1,0,0,0
405,UI/UX Design,Product Designer,Groww,Mumbai,0-2 Years,6.1,0,0,0,0,0,0,0,1,1,1
406,Data Analytics,Data Analyst,Infosys,Delhi,1-3 Years,9.8,0,1,1,1,0,0,1,0,0,0
407,Data Analytics,Business Analyst,Infosys,Hyderabad,0-2 Years,6.7,1,1,1,1,1,1,1,0,0,0
408,UI/UX Design,UX Designer,Amazon India,Noida,1-3 Years,12.9,0,0,0,0,0,0,0,1,1,1
409,UI/UX Design,UX Researcher,PhonePe,Hyderabad,0-2 Years,8.2,0,1,0,0,0,0,0,1,1,1
410,UI/UX Design,UI Designer,Paytm,Mumbai,0-2 Years,7.4,0,0,0,0,0,0,0,1,1,1
411,UI/UX Design,UI/UX Designer,Flipkart,Noida,0-2 Years,5.1,0,0,0,0,0,1,0,1,1,1
412,Data Analytics,Business Analyst,KPMG,Noida,0-2 Years,5.7,0,1,1,0,1,0,1,0,0,0
413,Data Analytics,Analytics Associate,KPMG,Mumbai,0-2 Years,7,1,1,1,1,0,1,1,0,0,0
414,Data Analytics,Reporting Analyst,Accenture,Mumbai,3-5 Years,19.1,1,1,0,1,1,0,0,0,0,0
415,Data Analytics,BI Analyst,TCS,Pune,0-2 Years,7.8,1,0,1,0,1,0,1,0,0,0
416,Data Analytics,Analytics Associate,Genpact,Pune,1-3 Years,9.2,0,1,0,1,1,0,1,0,0,0
417,Data Analytics,Analytics Associate,PwC,Mumbai,1-3 Years,10.6,1,1,1,1,1,1,0,0,0,0
418,UI/UX Design,UI Designer,Meesho,Pune,1-3 Years,9.7,0,0,0,0,0,1,0,1,0,1
419,Data Analytics,Data Analyst,Deloitte,Bengaluru,0-2 Years,6.5,1,1,0,1,0,1,1,0,0,0
420,Data Analytics,BI Analyst,IBM,Bengaluru,0-2 Years,7.9,1,1,0,1,0,0,1,0,0,0
421,Data Analytics,Analytics Associate,EY,Hyderabad,1-3 Years,13.1,1,1,0,0,0,0,1,0,0,0
422,UI/UX Design,UX Designer,Amazon India,Mumbai,0-2 Years,8.3,0,0,0,0,0,0,0,1,1,1
423,Data Analytics,Reporting Analyst,TCS,Bengaluru,1-3 Years,9.5,1,1,1,1,1,1,1,0,0,0
424,Data Analytics,Analytics Associate,EY,Mumbai,1-3 Years,13.6,1,1,1,1,1,1,1,0,0,0
425,UI/UX Design,UX Designer,CRED,Gurugram,1-3 Years,10.4,0,1,0,0,0,0,0,1,0,1
426,Data Analytics,BI Analyst,Accenture,Noida,0-2 Years,5.3,1,1,0,0,0,1,1,0,0,0
427,Data Analytics,BI Analyst,IBM,Mumbai,3-5 Years,15,1,0,1,0,0,0,1,0,0,0
428,UI/UX Design,UI/UX Designer,CRED,Mumbai,0-2 Years,6.3,0,0,0,0,0,0,1,1,1,1
429,UI/UX Design,UI/UX Designer,Amazon India,Hyderabad,3-5 Years,17.6,0,0,0,0,0,0,0,1,1,1
430,Data Analytics,Reporting Analyst,Infosys,Gurugram,0-2 Years,5.9,1,1,1,0,1,1,1,0,0,0
431,Data Analytics,Reporting Analyst,IBM,Hyderabad,1-3 Years,11.5,1,1,1,1,1,1,1,0,0,0
432,Data Analytics,Analytics Associate,Infosys,Noida,0-2 Years,5.9,1,1,1,0,0,1,1,0,0,0
433,Data Analytics,Data Analyst,PwC,Chennai,3-5 Years,19.4,1,1,0,0,0,0,0,0,0,0
434,Data Analytics,Reporting Analyst,Genpact,Mumbai,1-3 Years,13.5,1,1,1,1,0,1,1,0,0,0
435,Data Analytics,Analytics Associate,Accenture,Bengaluru,1-3 Years,13.2,1,1,1,1,1,1,1,0,0,0
436,Data Analytics,Reporting Analyst,KPMG,Pune,0-2 Years,7.9,1,1,1,0,0,1,0,0,0,0
437,Data Analytics,BI Analyst,Infosys,Hyderabad,1-3 Years,12.3,1,1,0,0,1,0,1,0,0,0
438,UI/UX Design,UX Researcher,Paytm,Chennai,3-5 Years,23.7,0,1,0,0,0,0,0,1,1,0
439,Data Analytics,BI Analyst,KPMG,Pune,1-3 Years,10.1,1,1,1,0,0,0,1,0,0,0
440,Data Analytics,Reporting Analyst,TCS,Gurugram,1-3 Years,10.7,1,1,1,1,1,1,0,0,0,0
441,Data Analytics,Data Analyst,IBM,Mumbai,0-2 Years,6.2,1,1,0,1,1,0,1,0,1,1
442,UI/UX Design,UI/UX Designer,Swiggy,Bengaluru,0-2 Years,7.3,0,0,0,0,0,0,0,1,1,1
443,Data Analytics,BI Analyst,Infosys,Pune,1-3 Years,12.7,1,1,1,1,0,1,1,0,0,0
444,UI/UX Design,UX Researcher,CRED,Chennai,0-2 Years,6.2,0,0,0,0,0,0,0,1,0,1
445,UI/UX Design,UI Designer,CRED,Bengaluru,1-3 Years,14,0,0,0,0,0,0,0,1,1,0
446,UI/UX Design,UX Designer,Flipkart,Hyderabad,1-3 Years,14,0,1,0,0,0,1,0,1,1,1
447,Data Analytics,BI Analyst,Genpact,Gurugram,1-3 Years,12.5,1,1,1,1,1,1,1,0,0,0
448,Data Analytics,Data Analyst,KPMG,Hyderabad,0-2 Years,5.7,1,1,1,0,1,1,0,0,0,0
449,Data Analytics,Analytics Associate,KPMG,Bengaluru,0-2 Years,4.5,1,1,1,1,1,1,1,0,0,0
450,Data Analytics,Business Analyst,Infosys,Hyderabad,3-5 Years,14.7,1,1,1,1,0,1,1,1,0,0
451,Data Analytics,Analytics Associate,Accenture,Hyderabad,0-2 Years,7.2,1,1,1,0,0,1,1,0,0,0
452,Data Analytics,Reporting Analyst,Infosys,Hyderabad,0-2 Years,6.9,1,1,1,1,1,1,0,0,0,0
453,Data Analytics,Data Analyst,Deloitte,Bengaluru,1-3 Years,8.3,1,1,0,0,1,1,1,0,0,0
454,UI/UX Design,Product Designer,Razorpay,Gurugram,0-2 Years,5.1,0,0,0,0,0,0,0,1,1,1
455,UI/UX Design,UX Designer,Zomato,Bengaluru,0-2 Years,5.6,0,0,1,0,0,0,0,1,1,1
456,Data Analytics,Data Analyst,IBM,Hyderabad,0-2 Years,5.4,1,1,0,0,1,1,1,0,0,0
457,Data Analytics,Business Analyst,KPMG,Hyderabad,3-5 Years,18.1,1,1,1,1,0,1,1,0,0,0
458,UI/UX Design,UI Designer,Meesho,Pune,0-2 Years,7.3,0,0,0,0,0,0,0,1,1,1
459,Data Analytics,Analytics Associate,Cognizant,Pune,0-2 Years,6.3,1,1,1,1,0,1,0,0,0,0
460,Data Analytics,Business Analyst,Deloitte,Bengaluru,0-2 Years,7.5,1,1,1,1,0,1,1,0,0,0
461,Data Analytics,Business Analyst,EY,Gurugram,0-2 Years,7.8,1,1,1,0,1,1,0,0,0,0
462,UI/UX Design,UX Researcher,PhonePe,Pune,1-3 Years,10.4,0,0,0,0,0,0,0,1,1,1
463,Data Analytics,Business Analyst,KPMG,Hyderabad,1-3 Years,14,0,0,0,1,0,1,1,0,0,0
464,Data Analytics,Data Analyst,TCS,Bengaluru,0-2 Years,4,1,1,0,0,0,1,0,0,0,0
465,UI/UX Design,UI/UX Designer,Zomato,Chennai,0-2 Years,7.4,0,0,0,0,0,0,1,1,1,0
466,Data Analytics,Reporting Analyst,Accenture,Bengaluru,3-5 Years,16.7,0,1,1,0,0,1,1,0,0,0
467,Data Analytics,Business Analyst,KPMG,Bengaluru,1-3 Years,10,1,0,1,1,0,1,0,0,0,0
468,UI/UX Design,UX Designer,Meesho,Hyderabad,1-3 Years,13.3,1,0,0,0,0,0,1,1,1,0
469,Data Analytics,Business Analyst,KPMG,Bengaluru,0-2 Years,5.2,1,1,1,1,0,1,1,0,0,0
470,UI/UX Design,UX Designer,Zomato,Noida,3-5 Years,16.4,0,0,0,0,0,0,1,1,1,1
471,UI/UX Design,UX Designer,Flipkart,Gurugram,3-5 Years,22.2,0,1,1,1,0,0,0,1,1,1
472,UI/UX Design,UI Designer,Paytm,Delhi,1-3 Years,13.5,0,0,0,0,0,0,0,1,1,1
473,Data Analytics,BI Analyst,TCS,Bengaluru,3-5 Years,14.5,1,1,1,1,0,0,1,0,0,0
474,Data Analytics,BI Analyst,Accenture,Hyderabad,1-3 Years,8.2,1,1,1,1,0,1,1,0,0,0
475,Data Analytics,Reporting Analyst,Infosys,Chennai,0-2 Years,6.4,1,1,1,0,0,1,1,0,0,0
476,Data Analytics,BI Analyst,TCS,Pune,3-5 Years,17.9,1,1,1,1,0,1,1,0,0,0
477,Data Analytics,Business Analyst,PwC,Chennai,3-5 Years,15.2,1,1,1,0,1,1,0,0,0,0
478,UI/UX Design,UI Designer,PhonePe,Pune,1-3 Years,10.9,0,1,0,0,0,0,0,1,1,1
479,Data Analytics,Analytics Associate,TCS,Hyderabad,1-3 Years,11.8,1,1,1,0,0,1,0,0,0,0
480,Data Analytics,Reporting Analyst,EY,Chennai,0-2 Years,6,1,0,0,1,1,1,1,0,0,0
481,Data Analytics,Analytics Associate,Genpact,Bengaluru,0-2 Years,5.4,1,1,1,0,0,0,1,0,0,0
482,UI/UX Design,UI/UX Designer,PhonePe,Hyderabad,1-3 Years,13,1,1,0,0,0,0,0,1,1,1
483,Data Analytics,BI Analyst,IBM,Noida,0-2 Years,7.8,1,1,1,1,1,0,0,0,0,0
484,Data Analytics,BI Analyst,KPMG,Bengaluru,0-2 Years,5.8,1,1,1,1,1,1,1,0,0,0
485,Data Analytics,Reporting Analyst,EY,Pune,1-3 Years,9.4,1,1,1,0,0,1,1,0,0,0
486,Data Analytics,Analytics Associate,Infosys,Bengaluru,1-3 Years,8.6,1,1,0,0,0,0,0,0,0,0
487,UI/UX Design,UX Researcher,Paytm,Delhi,1-3 Years,12.1,0,1,0,0,0,0,0,1,1,1
488,UI/UX Design,UI/UX Designer,Swiggy,Pune,0-2 Years,5.1,1,1,0,0,0,0,0,1,1,1
489,Data Analytics,Analytics Associate,Accenture,Mumbai,1-3 Years,9.9,1,0,1,0,1,0,1,0,0,0
490,UI/UX Design,UI/UX Designer,Swiggy,Gurugram,3-5 Years,19.9,0,1,0,0,0,0,0,1,1,1
491,Data Analytics,Business Analyst,TCS,Bengaluru,1-3 Years,11.2,0,1,1,1,0,1,1,0,0,0
492,Data Analytics,Reporting Analyst,PwC,Hyderabad,1-3 Years,13.7,1,1,1,1,0,1,1,0,0,0
493,Data Analytics,Analytics Associate,EY,Pune,3-5 Years,19.6,1,1,1,1,1,1,1,0,0,0
494,Data Analytics,Reporting Analyst,IBM,Pune,0-2 Years,5.8,1,1,1,1,1,0,1,0,0,0
495,Data Analytics,Business Analyst,Infosys,Mumbai,0-2 Years,5.6,1,1,1,0,0,1,1,0,0,0
496,Data Analytics,BI Analyst,Infosys,Bengaluru,0-2 Years,6.5,1,1,1,0,1,0,1,1,0,0
497,UI/UX Design,UX Researcher,PhonePe,Pune,3-5 Years,16.7,0,0,0,0,1,0,0,1,1,1
498,Data Analytics,Data Analyst,IBM,Gurugram,0-2 Years,6.1,1,1,1,1,0,1,0,0,0,0
499,Data Analytics,Reporting Analyst,EY,Chennai,3-5 Years,17.7,1,1,1,0,1,1,1,0,0,1
500,Data Analytics,Business Analyst,Infosys,Chennai,1-3 Years,11.9,1,1,1,0,0,0,0,0,0,0
501,UI/UX Design,UX Designer,Groww,Gurugram,0-2 Years,5.2,0,0,0,0,0,1,0,1,1,1
502,UI/UX Design,UI Designer,Groww,Gurugram,0-2 Years,7.6,0,1,0,0,0,0,0,1,1,1
503,Data Analytics,Analytics Associate,PwC,Gurugram,0-2 Years,4.3,1,1,1,0,1,1,1,0,0,0
504,UI/UX Design,Product Designer,Amazon India,Bengaluru,0-2 Years,7.7,0,0,0,0,0,0,1,1,1,1
505,Data Analytics,Analytics Associate,IBM,Delhi,0-2 Years,5.1,0,1,1,1,1,1,1,0,0,0
506,Data Analytics,Data Analyst,Genpact,Hyderabad,1-3 Years,13.8,1,1,1,0,1,0,1,0,0,0
507,Data Analytics,Business Analyst,Deloitte,Hyderabad,0-2 Years,6.8,1,1,1,0,1,0,0,0,0,0
508,UI/UX Design,Product Designer,CRED,Pune,0-2 Years,5.9,0,1,0,0,0,0,0,1,1,1
509,Data Analytics,Business Analyst,EY,Mumbai,0-2 Years,6.9,1,1,1,0,1,1,1,0,0,0
510,Data Analytics,Business Analyst,Cognizant,Hyderabad,0-2 Years,7.3,1,1,1,0,0,1,1,0,0,0
511,UI/UX Design,UX Researcher,Paytm,Delhi,3-5 Years,16.9,0,0,0,0,1,0,0,1,1,1
512,Data Analytics,Analytics Associate,PwC,Pune,3-5 Years,18.5,1,1,1,0,1,1,0,0,0,0
513,Data Analytics,Reporting Analyst,IBM,Gurugram,0-2 Years,4.8,1,1,1,1,1,0,1,0,0,0
514,Data Analytics,Data Analyst,Cognizant,Pune,1-3 Years,8.2,1,1,1,0,0,1,1,0,0,0
515,UI/UX Design,Product Designer,CRED,Noida,0-2 Years,8.4,0,0,0,0,0,0,0,1,1,1
516,Data Analytics,Business Analyst,KPMG,Hyderabad,1-3 Years,11.5,1,0,0,0,0,1,1,0,1,0
517,Data Analytics,Business Analyst,Cognizant,Delhi,1-3 Years,10.7,1,1,1,1,0,1,1,0,0,0
518,UI/UX Design,UX Researcher,Amazon India,Bengaluru,0-2 Years,8.6,0,0,0,0,0,0,0,1,1,1
519,Data Analytics,BI Analyst,TCS,Hyderabad,0-2 Years,5.2,1,1,1,1,1,1,1,0,0,0
520,UI/UX Design,Product Designer,Flipkart,Hyderabad,1-3 Years,14.2,0,0,0,0,0,0,1,1,0,1
521,Data Analytics,BI Analyst,Infosys,Delhi,0-2 Years,6.6,1,1,1,1,0,1,1,0,0,0
522,Data Analytics,Reporting Analyst,TCS,Bengaluru,0-2 Years,5.1,1,1,1,1,1,1,1,0,0,0
523,UI/UX Design,UX Researcher,Zomato,Mumbai,0-2 Years,8.3,0,0,0,0,0,0,0,1,1,0
524,Data Analytics,Reporting Analyst,Infosys,Hyderabad,0-2 Years,6.8,0,0,1,0,1,0,1,0,0,0
525,Data Analytics,Reporting Analyst,Deloitte,Bengaluru,3-5 Years,21.9,1,1,1,0,0,1,1,0,0,0
526,Data Analytics,Analytics Associate,Deloitte,Mumbai,0-2 Years,8,1,1,0,0,0,1,0,0,0,0
527,UI/UX Design,UI/UX Designer,Zomato,Bengaluru,0-2 Years,8.7,0,0,0,0,0,0,0,1,1,0
528,UI/UX Design,UI/UX Designer,Groww,Bengaluru,0-2 Years,6.3,0,1,0,0,0,0,1,1,1,1
529,UI/UX Design,UI/UX Designer,Flipkart,Chennai,0-2 Years,5.6,0,1,0,0,0,0,0,1,1,0
530,UI/UX Design,UI/UX Designer,Meesho,Hyderabad,0-2 Years,8.2,0,0,0,0,0,1,0,1,1,1
531,Data Analytics,Data Analyst,Infosys,Chennai,0-2 Years,6.4,1,1,1,1,1,1,1,0,0,0
532,UI/UX Design,UI/UX Designer,Razorpay,Hyderabad,1-3 Years,9.7,0,0,0,0,0,0,0,1,1,1
533,UI/UX Design,UX Researcher,Paytm,Hyderabad,0-2 Years,7.6,0,1,0,0,0,1,0,1,0,1
534,Data Analytics,Reporting Analyst,Infosys,Pune,1-3 Years,13.1,1,0,1,0,0,1,1,0,0,0
535,Data Analytics,Business Analyst,Cognizant,Pune,1-3 Years,11.4,0,0,1,1,0,1,1,0,0,0
536,Data Analytics,Data Analyst,PwC,Noida,0-2 Years,5.5,1,1,1,1,0,1,0,0,0,0
537,Data Analytics,Business Analyst,Deloitte,Chennai,1-3 Years,8.3,0,1,1,0,1,0,1,0,0,0
538,UI/UX Design,UX Designer,CRED,Noida,0-2 Years,6.7,0,1,0,1,0,0,0,1,1,1
539,Data Analytics,BI Analyst,Infosys,Hyderabad,0-2 Years,8,1,0,1,1,1,1,1,0,0,0
540,Data Analytics,BI Analyst,EY,Pune,0-2 Years,6.5,0,1,1,1,0,0,1,0,1,0
541,UI/UX Design,UX Designer,Flipkart,Bengaluru,0-2 Years,5.6,0,0,0,0,0,0,0,1,1,0
542,UI/UX Design,UI/UX Designer,Flipkart,Mumbai,1-3 Years,13.3,0,1,0,0,0,0,0,1,1,1
543,Data Analytics,Business Analyst,Cognizant,Bengaluru,1-3 Years,13,1,1,1,0,0,0,1,0,0,0
544,UI/UX Design,UI Designer,PhonePe,Chennai,3-5 Years,15.9,0,0,0,0,0,0,0,1,1,1
545,UI/UX Design,UI Designer,Groww,Bengaluru,1-3 Years,12.4,1,1,0,0,0,0,0,1,0,1
546,Data Analytics,Business Analyst,Genpact,Gurugram,0-2 Years,6.5,1,1,1,1,1,1,1,0,0,0
547,Data Analytics,BI Analyst,KPMG,Noida,3-5 Years,18.9,1,1,1,1,1,0,1,0,0,0
548,Data Analytics,BI Analyst,IBM,Bengaluru,1-3 Years,9.1,1,1,1,1,0,1,1,0,0,0
549,Data Analytics,Reporting Analyst,Deloitte,Bengaluru,1-3 Years,8.1,1,1,1,1,0,1,0,0,0,0
550,Data Analytics,BI Analyst,Accenture,Pune,0-2 Years,5.9,1,1,1,1,1,0,0,0,0,0
551,Data Analytics,Analytics Associate,Cognizant,Chennai,0-2 Years,7.1,1,1,0,0,1,1,1,0,0,0
552,Data Analytics,BI Analyst,Infosys,Chennai,0-2 Years,8,0,1,1,0,0,1,1,0,0,0
553,UI/UX Design,UI Designer,Zomato,Bengaluru,0-2 Years,8.4,1,0,0,0,0,0,0,1,0,1
554,Data Analytics,BI Analyst,Infosys,Mumbai,0-2 Years,6.2,1,1,0,1,0,1,1,0,0,0
555,Data Analytics,Analytics Associate,KPMG,Mumbai,1-3 Years,8.7,0,1,0,0,0,1,0,0,0,0
556,Data Analytics,Business Analyst,Cognizant,Gurugram,0-2 Years,5.3,1,1,0,0,0,0,1,1,0,0
557,UI/UX Design,Product Designer,Zomato,Gurugram,0-2 Years,7.5,0,1,0,0,0,1,0,1,1,1
558,UI/UX Design,Product Designer,Amazon India,Mumbai,3-5 Years,17.8,0,1,0,0,0,0,0,1,1,1
559,UI/UX Design,Product Designer,Meesho,Hyderabad,0-2 Years,5.3,0,0,0,0,0,0,0,1,1,1
560,UI/UX Design,UI/UX Designer,Flipkart,Gurugram,0-2 Years,6.2,0,1,0,1,0,0,0,1,1,1
561,Data Analytics,Reporting Analyst,IBM,Noida,3-5 Years,15.8,1,1,0,0,0,1,1,0,0,0
562,UI/UX Design,Product Designer,Razorpay,Chennai,3-5 Years,17.2,0,0,0,0,0,0,0,1,1,1
563,Data Analytics,Reporting Analyst,EY,Chennai,3-5 Years,22,1,1,1,0,1,1,0,0,0,0
564,Data Analytics,Reporting Analyst,Infosys,Pune,3-5 Years,16.9,1,1,1,1,1,0,1,0,0,0
565,Data Analytics,BI Analyst,Cognizant,Pune,3-5 Years,19.3,1,1,1,1,0,1,1,0,0,0
566,UI/UX Design,UX Researcher,Meesho,Hyderabad,1-3 Years,14.7,1,0,0,0,0,0,0,1,1,1
567,UI/UX Design,UI Designer,Amazon India,Bengaluru,0-2 Years,7.9,0,1,0,0,0,0,0,0,1,1
568,UI/UX Design,UX Researcher,Groww,Gurugram,3-5 Years,22.2,0,1,0,0,0,0,0,1,1,0
569,Data Analytics,Reporting Analyst,Deloitte,Hyderabad,3-5 Years,16.8,1,1,0,0,0,1,1,1,0,1
570,Data Analytics,Data Analyst,TCS,Hyderabad,1-3 Years,11,1,1,1,0,1,0,1,0,0,0
571,UI/UX Design,Product Designer,Flipkart,Pune,3-5 Years,22.7,0,0,0,0,0,0,0,1,1,1
572,UI/UX Design,UX Researcher,Paytm,Delhi,3-5 Years,20.5,0,0,0,0,0,0,0,1,1,1
573,Data Analytics,Business Analyst,EY,Hyderabad,1-3 Years,11,0,0,1,1,1,1,1,0,0,0
574,Data Analytics,Analytics Associate,KPMG,Gurugram,1-3 Years,8.2,1,1,1,1,1,0,1,0,0,0
575,Data Analytics,BI Analyst,EY,Hyderabad,1-3 Years,12,1,1,1,0,1,0,1,0,0,0
576,UI/UX Design,UI/UX Designer,Flipkart,Bengaluru,3-5 Years,19.1,0,0,0,0,0,0,1,1,0,0
577,UI/UX Design,UI/UX Designer,Meesho,Bengaluru,0-2 Years,5.6,0,0,0,0,0,0,0,1,1,1
578,UI/UX Design,UX Researcher,Swiggy,Hyderabad,0-2 Years,6.4,0,1,0,0,0,0,0,1,1,1
579,Data Analytics,Business Analyst,Genpact,Bengaluru,1-3 Years,8.9,1,1,0,1,1,1,1,0,0,0
580,Data Analytics,Reporting Analyst,PwC,Chennai,0-2 Years,6.5,1,1,1,1,1,1,0,0,0,0
581,Data Analytics,Reporting Analyst,Cognizant,Bengaluru,1-3 Years,11.9,0,1,1,0,0,1,1,0,1,0
582,Data Analytics,Reporting Analyst,EY,Pune,0-2 Years,6.7,1,0,1,1,0,1,0,0,0,0
583,Data Analytics,Reporting Analyst,PwC,Hyderabad,1-3 Years,13.7,1,1,1,1,0,0,1,0,0,0
584,UI/UX Design,UI/UX Designer,Paytm,Gurugram,0-2 Years,7.8,0,1,0,0,0,0,0,1,1,1
585,UI/UX Design,UX Researcher,PhonePe,Gurugram,0-2 Years,8,0,0,0,0,0,0,0,1,1,1
586,Data Analytics,Reporting Analyst,Genpact,Hyderabad,0-2 Years,4.6,1,1,0,1,0,1,1,0,0,0
587,UI/UX Design,UI/UX Designer,Swiggy,Mumbai,0-2 Years,8.6,0,1,0,0,0,0,0,1,1,1
588,UI/UX Design,UI Designer,CRED,Bengaluru,0-2 Years,7.4,0,0,0,0,0,0,0,1,0,1
589,Data Analytics,Analytics Associate,Cognizant,Hyderabad,0-2 Years,7.7,1,1,0,1,1,1,1,0,0,0
590,Data Analytics,Business Analyst,Cognizant,Bengaluru,0-2 Years,6.4,1,1,0,0,0,1,1,0,0,1
591,Data Analytics,Business Analyst,TCS,Gurugram,3-5 Years,19.8,1,1,0,1,0,1,1,1,0,0
592,UI/UX Design,UI Designer,Groww,Hyderabad,0-2 Years,8.1,0,0,0,0,0,0,0,1,1,1
593,Data Analytics,Analytics Associate,EY,Bengaluru,0-2 Years,6.7,1,0,0,1,0,1,1,0,0,1
594,Data Analytics,Reporting Analyst,Accenture,Hyderabad,1-3 Years,12.1,1,1,1,0,0,0,1,0,0,0
595,Data Analytics,BI Analyst,Genpact,Noida,1-3 Years,8.8,1,1,1,0,0,1,1,0,1,0
596,Data Analytics,Business Analyst,Deloitte,Mumbai,1-3 Years,9.2,1,1,1,1,0,0,1,0,0,0
597,UI/UX Design,UX Researcher,Flipkart,Bengaluru,1-3 Years,13.3,0,0,0,0,0,0,0,1,1,0
598,UI/UX Design,UX Designer,PhonePe,Hyderabad,0-2 Years,8.4,1,1,0,0,0,0,0,1,1,0
599,UI/UX Design,UI Designer,Meesho,Bengaluru,1-3 Years,15,0,0,0,0,0,0,0,1,1,0
600,Data Analytics,Business Analyst,EY,Pune,0-2 Years,7.1,1,1,1,0,1,1,1,0,0,0
601,UI/UX Design,UX Researcher,Flipkart,Bengaluru,0-2 Years,7.3,0,0,0,0,0,0,0,1,1,1
602,UI/UX Design,Product Designer,Zomato,Gurugram,3-5 Years,20.6,0,1,0,0,0,0,1,1,1,0
603,UI/UX Design,UX Designer,CRED,Gurugram,0-2 Years,8,0,0,0,0,0,0,0,1,1,1
604,UI/UX Design,UX Researcher,Razorpay,Bengaluru,0-2 Years,8.3,1,0,0,0,0,0,0,1,1,1
605,Data Analytics,BI Analyst,EY,Hyderabad,3-5 Years,20.8,1,1,0,1,0,1,1,0,0,0
606,UI/UX Design,UX Designer,Zomato,Bengaluru,0-2 Years,7.6,0,1,0,0,0,0,0,1,1,1
607,Data Analytics,Business Analyst,KPMG,Gurugram,1-3 Years,9.3,1,1,1,1,1,1,1,0,0,0
608,Data Analytics,Analytics Associate,Accenture,Bengaluru,1-3 Years,8.7,1,1,1,1,1,1,0,1,0,0
609,Data Analytics,Business Analyst,Deloitte,Noida,3-5 Years,21.6,1,1,1,0,0,1,0,0,1,0
610,UI/UX Design,UI/UX Designer,Zomato,Pune,0-2 Years,5.6,0,0,0,0,0,0,0,1,1,1
611,Data Analytics,Analytics Associate,Cognizant,Hyderabad,0-2 Years,7.4,1,1,0,1,1,1,1,0,0,0
612,Data Analytics,Reporting Analyst,Accenture,Bengaluru,1-3 Years,13.8,1,1,1,1,1,0,1,0,0,0
613,Data Analytics,Business Analyst,Genpact,Chennai,1-3 Years,9,0,1,1,0,1,0,1,0,0,0
614,Data Analytics,Business Analyst,IBM,Noida,0-2 Years,4,1,1,1,1,1,1,1,0,0,0
615,UI/UX Design,UI/UX Designer,PhonePe,Hyderabad,1-3 Years,9.4,0,0,0,0,0,0,0,1,1,1
616,UI/UX Design,Product Designer,Flipkart,Gurugram,3-5 Years,24,0,1,0,0,0,0,0,1,1,1
617,UI/UX Design,UX Researcher,Razorpay,Bengaluru,0-2 Years,7.5,0,0,0,0,0,0,0,1,1,1
618,Data Analytics,Analytics Associate,Genpact,Pune,3-5 Years,21.3,1,1,1,1,0,1,1,0,0,0
619,Data Analytics,Data Analyst,IBM,Hyderabad,3-5 Years,14.9,1,1,0,1,1,0,1,0,0,0
620,UI/UX Design,UI/UX Designer,Groww,Delhi,0-2 Years,6.2,0,0,0,0,0,0,0,1,1,1
621,UI/UX Design,UI Designer,Amazon India,Noida,0-2 Years,7.9,0,0,0,0,0,0,0,1,0,1
622,UI/UX Design,UX Designer,PhonePe,Hyderabad,3-5 Years,22,0,0,0,1,0,0,0,1,1,1
623,Data Analytics,BI Analyst,TCS,Mumbai,0-2 Years,7.5,1,1,1,1,1,1,1,0,0,0
624,Data Analytics,Reporting Analyst,EY,Hyderabad,0-2 Years,7.9,1,1,0,0,0,0,1,0,0,0
625,Data Analytics,Reporting Analyst,Accenture,Noida,0-2 Years,7.9,1,1,1,0,0,0,1,0,0,0
626,Data Analytics,Business Analyst,KPMG,Noida,1-3 Years,12.2,1,1,1,1,1,0,1,0,0,0
627,UI/UX Design,UI/UX Designer,Paytm,Bengaluru,3-5 Years,24,0,0,0,0,0,1,0,1,1,1
628,UI/UX Design,UX Researcher,Swiggy,Gurugram,0-2 Years,7.3,0,0,0,0,0,0,0,1,1,1
629,UI/UX Design,UI/UX Designer,Razorpay,Gurugram,0-2 Years,5.3,0,1,0,0,0,0,0,1,1,1
630,Data Analytics,BI Analyst,EY,Pune,1-3 Years,10.8,1,1,1,0,0,1,1,0,0,0
631,Data Analytics,Data Analyst,PwC,Pune,0-2 Years,7.8,1,1,1,0,0,1,0,0,0,0
632,UI/UX Design,UX Researcher,Swiggy,Hyderabad,0-2 Years,8,0,0,0,0,0,0,0,1,1,1
633,UI/UX Design,UI Designer,Groww,Pune,0-2 Years,6.3,0,0,0,0,0,0,1,1,1,1
634,Data Analytics,BI Analyst,Infosys,Bengaluru,3-5 Years,20.3,1,1,0,1,0,1,1,0,0,0
635,Data Analytics,Data Analyst,TCS,Bengaluru,0-2 Years,5.1,0,1,1,1,0,1,0,0,0,0
636,UI/UX Design,Product Designer,Meesho,Bengaluru,0-2 Years,5.8,0,0,0,0,0,0,0,1,1,1
637,Data Analytics,Data Analyst,Cognizant,Hyderabad,0-2 Years,4.2,1,1,1,1,0,1,1,0,0,0
638,Data Analytics,BI Analyst,Cognizant,Hyderabad,3-5 Years,19.6,0,1,1,0,0,1,1,0,0,0
639,UI/UX Design,UX Researcher,PhonePe,Chennai,0-2 Years,5.7,0,0,0,0,0,0,0,1,1,1
640,UI/UX Design,UI/UX Designer,Meesho,Hyderabad,0-2 Years,8,0,0,0,0,0,0,0,1,1,1
641,UI/UX Design,UI/UX Designer,CRED,Bengaluru,3-5 Years,16.6,0,1,0,0,0,0,1,1,1,1
642,UI/UX Design,UI Designer,Meesho,Delhi,0-2 Years,7.9,0,0,0,0,0,0,0,1,0,1
643,Data Analytics,Analytics Associate,KPMG,Mumbai,3-5 Years,17,0,1,1,0,0,1,1,0,0,0
644,UI/UX Design,UX Researcher,Flipkart,Noida,3-5 Years,16.2,1,0,0,0,0,0,0,1,1,1
645,UI/UX Design,UI/UX Designer,Paytm,Hyderabad,3-5 Years,19.7,0,0,0,0,0,0,0,1,1,0
646,Data Analytics,Reporting Analyst,TCS,Hyderabad,0-2 Years,4.3,1,1,1,1,1,0,1,0,0,0
647,Data Analytics,Reporting Analyst,TCS,Pune,0-2 Years,4.2,0,1,0,1,1,1,1,0,0,0
648,UI/UX Design,UI/UX Designer,CRED,Mumbai,0-2 Years,6.9,0,0,0,0,0,0,0,1,1,1
649,Data Analytics,Business Analyst,PwC,Bengaluru,0-2 Years,5.8,1,1,1,1,1,1,1,0,0,0
650,Data Analytics,Reporting Analyst,PwC,Bengaluru,1-3 Years,10.5,1,1,0,1,1,1,1,0,0,0
651,Data Analytics,Data Analyst,EY,Gurugram,0-2 Years,7.9,0,1,1,1,1,1,1,0,0,0
652,Data Analytics,Business Analyst,Genpact,Mumbai,0-2 Years,7,1,1,1,1,1,1,1,0,0,0
653,Data Analytics,Data Analyst,EY,Pune,3-5 Years,21.1,1,1,0,1,1,1,1,0,0,0
654,UI/UX Design,UI/UX Designer,PhonePe,Mumbai,0-2 Years,5,0,1,0,0,0,0,0,1,1,0
655,UI/UX Design,UX Designer,Swiggy,Pune,3-5 Years,15.5,0,0,1,0,0,0,1,1,1,1
656,UI/UX Design,Product Designer,CRED,Bengaluru,1-3 Years,11.6,0,1,0,0,0,0,1,1,1,1
657,Data Analytics,Data Analyst,IBM,Mumbai,1-3 Years,14,1,1,0,1,0,0,1,0,0,0
658,Data Analytics,Business Analyst,TCS,Noida,3-5 Years,22,1,1,1,0,0,0,1,0,0,0
659,UI/UX Design,UI Designer,Groww,Bengaluru,0-2 Years,5.4,0,0,0,0,0,0,0,1,0,1
660,Data Analytics,Data Analyst,Accenture,Bengaluru,3-5 Years,16.9,1,1,0,1,1,1,1,0,0,0
661,Data Analytics,Business Analyst,PwC,Gurugram,1-3 Years,12.8,0,0,1,0,0,1,0,0,0,0
662,UI/UX Design,UX Designer,Groww,Mumbai,3-5 Years,20.7,0,1,0,0,0,0,0,1,1,0
663,Data Analytics,Data Analyst,TCS,Noida,1-3 Years,8.5,0,1,0,0,0,1,1,0,0,0
664,Data Analytics,Reporting Analyst,IBM,Hyderabad,3-5 Years,19,1,1,1,1,1,1,1,0,0,0
665,Data Analytics,BI Analyst,Cognizant,Hyderabad,0-2 Years,4.9,1,1,0,1,0,1,1,0,0,0
666,UI/UX Design,UI Designer,Groww,Hyderabad,0-2 Years,6.8,0,1,0,1,0,0,0,0,1,1
667,Data Analytics,Analytics Associate,PwC,Bengaluru,0-2 Years,5.2,1,0,0,1,0,0,1,0,0,0
668,UI/UX Design,UI Designer,CRED,Mumbai,0-2 Years,5.2,0,0,0,0,0,0,0,1,1,1
669,UI/UX Design,Product Designer,Paytm,Mumbai,0-2 Years,5.5,0,1,0,0,0,0,0,1,1,1
670,Data Analytics,BI Analyst,IBM,Bengaluru,1-3 Years,8.9,1,1,1,0,0,1,1,0,0,0
671,UI/UX Design,Product Designer,Groww,Hyderabad,3-5 Years,21.7,1,0,0,0,0,0,0,1,1,0
672,Data Analytics,Data Analyst,IBM,Hyderabad,1-3 Years,8.8,1,1,1,0,1,1,1,0,0,0
673,UI/UX Design,UI/UX Designer,Meesho,Gurugram,0-2 Years,6.2,0,0,0,0,0,0,1,1,1,0
674,Data Analytics,Reporting Analyst,IBM,Mumbai,1-3 Years,11,1,1,1,0,1,1,1,0,0,0
675,UI/UX Design,UX Researcher,Razorpay,Noida,0-2 Years,7,1,1,0,0,0,0,0,1,1,1
676,Data Analytics,Data Analyst,IBM,Bengaluru,0-2 Years,7.8,1,1,1,1,1,0,1,0,0,0
677,Data Analytics,Business Analyst,Cognizant,Pune,1-3 Years,9.1,1,1,1,0,0,0,1,0,0,0
678,Data Analytics,Reporting Analyst,EY,Hyderabad,0-2 Years,4.9,1,1,0,1,0,1,1,0,0,0
679,Data Analytics,Reporting Analyst,KPMG,Pune,3-5 Years,14.9,1,1,1,1,0,1,1,0,0,0
680,Data Analytics,Reporting Analyst,TCS,Hyderabad,1-3 Years,12.4,1,1,1,1,1,0,1,0,0,0
681,Data Analytics,Analytics Associate,Genpact,Bengaluru,0-2 Years,6.5,1,1,0,0,0,1,1,0,0,0
682,Data Analytics,Analytics Associate,PwC,Chennai,1-3 Years,11.1,1,1,1,0,1,0,1,0,0,0
683,UI/UX Design,UI Designer,Razorpay,Bengaluru,1-3 Years,14.2,0,0,0,0,0,0,0,1,1,0
684,Data Analytics,Analytics Associate,Cognizant,Gurugram,1-3 Years,8.8,0,0,1,1,0,1,1,0,0,0
685,UI/UX Design,Product Designer,PhonePe,Delhi,1-3 Years,10.1,0,0,0,0,0,1,0,1,1,1
686,Data Analytics,Data Analyst,Accenture,Bengaluru,0-2 Years,4.2,1,1,1,1,1,1,0,0,0,0
687,Data Analytics,Data Analyst,Infosys,Noida,0-2 Years,7.6,1,1,0,0,1,0,0,0,0,0
688,Data Analytics,BI Analyst,Genpact,Gurugram,1-3 Years,9.9,1,1,0,0,0,1,1,0,0,0
689,Data Analytics,Data Analyst,Cognizant,Noida,3-5 Years,14.1,0,0,1,1,0,1,1,0,0,0
690,UI/UX Design,Product Designer,Razorpay,Hyderabad,3-5 Years,18.7,0,0,0,0,0,1,0,1,1,1
691,Data Analytics,Reporting Analyst,Infosys,Bengaluru,0-2 Years,5.9,1,1,0,0,0,1,0,0,0,0
692,UI/UX Design,UX Designer,PhonePe,Mumbai,0-2 Years,7,0,0,0,0,0,0,0,1,1,1
693,Data Analytics,Reporting Analyst,Accenture,Mumbai,0-2 Years,7.2,1,1,1,1,1,1,1,0,0,0
694,Data Analytics,Data Analyst,KPMG,Bengaluru,1-3 Years,12.6,1,1,1,0,1,1,0,0,0,0
695,UI/UX Design,Product Designer,Razorpay,Bengaluru,0-2 Years,7.3,0,0,0,0,0,0,0,1,1,1
696,Data Analytics,Data Analyst,Deloitte,Pune,0-2 Years,6.6,1,1,1,1,0,0,1,0,0,0
697,UI/UX Design,UX Designer,CRED,Chennai,3-5 Years,24.7,0,0,0,0,0,0,0,1,1,0
698,Data Analytics,BI Analyst,Cognizant,Hyderabad,1-3 Years,8.5,1,1,1,0,0,0,1,0,0,0
699,UI/UX Design,UI/UX Designer,CRED,Pune,1-3 Years,10,0,0,0,1,0,1,0,1,1,1
700,Data Analytics,Business Analyst,Deloitte,Bengaluru,0-2 Years,6.8,1,1,1,0,1,0,1,0,0,0
701,Data Analytics,Reporting Analyst,Cognizant,Bengaluru,3-5 Years,14.8,0,1,1,1,0,0,1,0,1,0
702,Data Analytics,Business Analyst,PwC,Bengaluru,3-5 Years,18.1,0,1,1,1,1,1,1,0,0,0
703,Data Analytics,Business Analyst,Infosys,Gurugram,1-3 Years,12.6,0,1,0,1,0,1,0,0,0,0
704,UI/UX Design,UI/UX Designer,CRED,Pune,0-2 Years,7.4,0,0,0,0,0,1,0,1,1,1
705,UI/UX Design,Product Designer,Groww,Pune,0-2 Years,6.1,0,0,0,0,0,0,0,1,1,1
706,Data Analytics,Data Analyst,Accenture,Chennai,0-2 Years,6.3,1,1,1,0,0,0,1,0,0,0
707,UI/UX Design,UI/UX Designer,Meesho,Hyderabad,0-2 Years,8.3,0,0,0,0,0,0,0,1,1,1
708,Data Analytics,Reporting Analyst,Genpact,Pune,0-2 Years,7.5,1,1,1,0,1,1,0,0,0,0
709,Data Analytics,Data Analyst,Cognizant,Hyderabad,1-3 Years,10.3,1,1,1,1,0,1,1,1,0,0
710,UI/UX Design,UI/UX Designer,Groww,Gurugram,1-3 Years,14.1,0,1,0,0,0,0,0,1,1,1
711,Data Analytics,Analytics Associate,Accenture,Hyderabad,1-3 Years,10.8,1,1,1,0,0,0,0,0,0,0
712,Data Analytics,Business Analyst,IBM,Bengaluru,1-3 Years,13.4,1,1,1,1,0,1,1,0,0,0
713,Data Analytics,BI Analyst,KPMG,Mumbai,0-2 Years,5.6,1,1,1,1,1,1,1,0,0,0
714,UI/UX Design,UI Designer,Swiggy,Pune,0-2 Years,5.2,0,0,0,0,1,0,1,1,0,0
715,UI/UX Design,UI/UX Designer,Paytm,Hyderabad,3-5 Years,17.5,0,0,0,0,0,0,0,1,1,1
716,UI/UX Design,UI Designer,Groww,Hyderabad,1-3 Years,10.1,0,0,0,0,0,1,0,1,1,1
717,Data Analytics,Reporting Analyst,PwC,Hyderabad,0-2 Years,7.2,1,1,1,1,1,1,0,0,1,0
718,Data Analytics,Business Analyst,Genpact,Noida,3-5 Years,16.4,1,1,1,1,1,1,1,1,0,0
719,Data Analytics,Analytics Associate,Deloitte,Hyderabad,1-3 Years,13.5,1,1,1,1,0,0,1,0,0,0
720,UI/UX Design,UI/UX Designer,Zomato,Noida,0-2 Years,6.9,0,1,0,0,0,0,0,1,1,1
721,Data Analytics,BI Analyst,Genpact,Hyderabad,0-2 Years,7.9,1,1,1,0,0,0,1,0,0,0
722,UI/UX Design,Product Designer,Amazon India,Bengaluru,1-3 Years,10.6,0,0,0,0,0,0,0,1,1,1
723,UI/UX Design,UI/UX Designer,Paytm,Noida,0-2 Years,8.1,0,0,0,0,0,0,0,1,1,1
724,Data Analytics,Reporting Analyst,IBM,Chennai,3-5 Years,17.3,1,1,1,0,1,1,1,0,0,0
725,Data Analytics,Reporting Analyst,EY,Noida,0-2 Years,5.1,1,0,1,1,0,0,0,0,0,0
726,UI/UX Design,UX Designer,Groww,Hyderabad,0-2 Years,8.9,1,1,0,0,0,0,0,1,1,1
727,Data Analytics,Business Analyst,TCS,Mumbai,0-2 Years,5.2,1,1,1,1,1,0,1,0,0,0
728,Data Analytics,Business Analyst,IBM,Hyderabad,1-3 Years,11.4,1,1,1,1,1,1,0,0,0,0
729,Data Analytics,Reporting Analyst,Accenture,Bengaluru,0-2 Years,5.6,1,1,0,1,0,1,1,0,0,0
730,Data Analytics,Analytics Associate,Infosys,Noida,1-3 Years,9,0,1,1,1,0,0,1,0,0,1
731,Data Analytics,Data Analyst,Deloitte,Delhi,1-3 Years,9.7,1,1,1,1,0,1,1,0,1,0
732,UI/UX Design,UX Researcher,Groww,Hyderabad,0-2 Years,7.5,0,0,0,0,0,0,0,1,1,1
733,UI/UX Design,UX Designer,PhonePe,Gurugram,0-2 Years,5.8,0,1,0,0,0,0,0,1,1,1
734,Data Analytics,Reporting Analyst,KPMG,Chennai,3-5 Years,17.5,1,1,1,0,1,1,1,0,0,0
735,Data Analytics,Data Analyst,EY,Hyderabad,3-5 Years,18.9,1,1,1,1,1,1,1,0,0,0
736,UI/UX Design,UI Designer,Meesho,Bengaluru,0-2 Years,7.8,0,0,0,0,0,0,0,1,1,0
737,Data Analytics,BI Analyst,Accenture,Chennai,0-2 Years,4.1,1,1,0,0,0,1,0,0,0,0
738,Data Analytics,Data Analyst,Cognizant,Bengaluru,1-3 Years,11.4,0,1,1,1,1,1,1,0,0,0
739,Data Analytics,Business Analyst,Accenture,Bengaluru,0-2 Years,4.5,1,1,1,1,1,1,1,0,0,0
740,UI/UX Design,UX Researcher,Flipkart,Chennai,0-2 Years,5.6,0,1,0,0,0,0,0,1,1,1
741,Data Analytics,Data Analyst,Cognizant,Pune,1-3 Years,11.6,1,1,0,0,1,0,1,0,0,0
742,Data Analytics,Data Analyst,Deloitte,Pune,1-3 Years,10.5,1,1,1,0,0,1,1,0,0,0
743,Data Analytics,Reporting Analyst,Deloitte,Noida,1-3 Years,12,1,1,1,1,0,0,1,0,0,0
744,UI/UX Design,Product Designer,Razorpay,Noida,1-3 Years,11.9,0,0,0,0,0,0,1,1,1,1
745,Data Analytics,Data Analyst,TCS,Mumbai,0-2 Years,5.2,1,1,1,0,0,0,0,0,0,0
746,Data Analytics,Analytics Associate,Deloitte,Bengaluru,0-2 Years,4.8,1,1,1,0,0,0,0,0,0,0
747,Data Analytics,Reporting Analyst,TCS,Bengaluru,0-2 Years,5.5,1,1,1,1,1,1,1,0,0,0
748,UI/UX Design,UX Designer,Zomato,Bengaluru,1-3 Years,10.1,0,0,0,0,0,0,0,1,1,0
749,UI/UX Design,UI Designer,Zomato,Noida,1-3 Years,13.8,0,1,0,0,0,0,0,1,1,1
750,UI/UX Design,UX Designer,CRED,Hyderabad,0-2 Years,8.2,0,0,0,0,0,0,0,1,1,1
751,UI/UX Design,UI Designer,Flipkart,Bengaluru,0-2 Years,7.3,0,0,0,0,0,0,0,1,1,1
752,UI/UX Design,Product Designer,PhonePe,Noida,0-2 Years,6.9,0,1,1,0,0,1,0,1,1,1
753,Data Analytics,BI Analyst,Cognizant,Bengaluru,0-2 Years,7.7,1,1,1,0,0,1,1,0,0,0
754,UI/UX Design,Product Designer,Zomato,Hyderabad,1-3 Years,12.3,0,1,0,0,0,0,0,1,1,1
755,Data Analytics,Business Analyst,PwC,Hyderabad,1-3 Years,8.2,1,1,1,1,0,1,1,0,0,0
756,Data Analytics,Business Analyst,Infosys,Bengaluru,0-2 Years,5.6,0,1,0,1,0,0,1,0,0,0
757,UI/UX Design,Product Designer,Amazon India,Noida,0-2 Years,7.9,0,0,0,0,0,0,0,1,1,1
758,UI/UX Design,UI Designer,Amazon India,Bengaluru,0-2 Years,6.8,0,0,1,0,0,1,0,0,1,1
759,UI/UX Design,UX Researcher,Meesho,Bengaluru,1-3 Years,14.4,0,1,0,0,0,0,0,1,1,1
760,UI/UX Design,UI Designer,Amazon India,Bengaluru,1-3 Years,15,0,0,0,0,0,0,0,1,0,1
761,Data Analytics,Data Analyst,KPMG,Delhi,0-2 Years,7.8,1,1,0,0,0,1,1,0,0,0
762,Data Analytics,Business Analyst,Infosys,Delhi,1-3 Years,8.8,1,1,1,1,0,1,0,0,0,0
763,Data Analytics,Data Analyst,PwC,Bengaluru,1-3 Years,10.2,0,1,1,1,1,0,0,0,0,0
764,Data Analytics,Business Analyst,TCS,Pune,1-3 Years,10.2,1,1,1,1,1,0,0,0,0,0
765,Data Analytics,Data Analyst,PwC,Pune,0-2 Years,6.9,1,1,1,0,0,1,0,0,0,0
766,UI/UX Design,Product Designer,Zomato,Hyderabad,0-2 Years,6.8,0,0,0,0,0,0,0,1,1,0
767,UI/UX Design,UI Designer,Meesho,Mumbai,1-3 Years,14,0,1,0,0,0,0,0,1,1,1
768,Data Analytics,BI Analyst,Accenture,Gurugram,0-2 Years,7,1,1,1,1,0,0,0,0,0,0
769,UI/UX Design,UX Researcher,Paytm,Noida,0-2 Years,5.7,0,1,0,0,0,0,0,1,1,1
770,UI/UX Design,UI Designer,Razorpay,Hyderabad,0-2 Years,8.3,0,0,0,0,0,0,0,1,1,1
771,Data Analytics,Data Analyst,Deloitte,Chennai,1-3 Years,13.3,0,1,1,0,0,0,1,0,1,0
772,Data Analytics,Data Analyst,KPMG,Chennai,0-2 Years,4.4,1,1,1,1,0,0,0,0,0,0
773,Data Analytics,Reporting Analyst,Cognizant,Pune,1-3 Years,11.4,1,0,1,1,0,1,1,0,0,0
774,UI/UX Design,UX Researcher,Groww,Delhi,0-2 Years,8.4,0,0,0,0,0,0,0,1,1,1
775,Data Analytics,Reporting Analyst,Genpact,Bengaluru,1-3 Years,13.1,1,0,0,0,0,1,0,0,0,0
776,UI/UX Design,UX Designer,Razorpay,Pune,0-2 Years,7.4,1,0,0,0,0,0,1,1,0,1
777,UI/UX Design,UI Designer,Zomato,Gurugram,0-2 Years,7.2,0,0,0,0,0,0,1,1,0,1
778,Data Analytics,Data Analyst,KPMG,Pune,1-3 Years,11.1,1,1,1,0,0,1,1,0,0,0
779,Data Analytics,Data Analyst,PwC,Pune,0-2 Years,4.4,1,1,0,1,1,0,1,0,0,0
780,UI/UX Design,UI Designer,PhonePe,Pune,0-2 Years,6.9,0,0,0,0,0,0,0,1,1,1
781,Data Analytics,Business Analyst,Accenture,Pune,0-2 Years,5.4,1,1,1,1,1,1,1,0,0,0
782,UI/UX Design,UX Designer,Flipkart,Gurugram,0-2 Years,7.1,0,0,0,0,0,0,0,1,1,0
783,UI/UX Design,UX Researcher,Amazon India,Pune,0-2 Years,6.4,0,0,0,0,0,0,0,1,1,1
784,UI/UX Design,UI Designer,Groww,Hyderabad,0-2 Years,6.3,0,0,0,0,0,0,0,1,1,1
785,UI/UX Design,UX Designer,Paytm,Pune,0-2 Years,5,0,0,0,0,0,0,0,1,1,1
786,UI/UX Design,UI Designer,Swiggy,Bengaluru,0-2 Years,5.9,0,0,0,0,0,1,0,1,1,1
787,Data Analytics,Data Analyst,Infosys,Hyderabad,0-2 Years,7.2,0,1,1,1,0,1,1,0,0,0
788,Data Analytics,Business Analyst,Infosys,Bengaluru,0-2 Years,4.1,1,1,1,1,0,1,1,0,0,0
789,UI/UX Design,UX Researcher,CRED,Gurugram,0-2 Years,6.1,1,0,0,0,0,0,0,1,1,1
790,UI/UX Design,UX Designer,Flipkart,Mumbai,0-2 Years,8.8,0,0,0,0,0,0,1,0,1,0
791,UI/UX Design,UX Researcher,Zomato,Noida,0-2 Years,6.3,0,0,0,0,0,0,0,1,1,1
792,Data Analytics,Data Analyst,PwC,Chennai,0-2 Years,5,1,1,1,1,1,0,1,0,0,0
793,Data Analytics,Analytics Associate,EY,Gurugram,1-3 Years,13.5,1,1,1,0,0,1,0,0,0,0
794,Data Analytics,BI Analyst,KPMG,Hyderabad,0-2 Years,7.9,1,1,1,1,0,1,1,0,0,0
795,Data Analytics,Data Analyst,Genpact,Chennai,0-2 Years,6,1,1,1,0,1,0,1,0,0,0
796,Data Analytics,Business Analyst,IBM,Bengaluru,1-3 Years,10.9,1,1,1,1,0,1,1,0,0,0
797,UI/UX Design,UI/UX Designer,Paytm,Bengaluru,1-3 Years,9.9,0,0,0,0,0,0,0,1,1,0
798,UI/UX Design,UI Designer,Groww,Mumbai,0-2 Years,6.6,0,0,0,0,0,0,1,1,1,1
799,Data Analytics,Data Analyst,Infosys,Pune,0-2 Years,4.9,1,1,1,1,0,0,0,0,0,0
800,Data Analytics,Reporting Analyst,IBM,Bengaluru,0-2 Years,6,1,1,1,1,0,1,1,0,0,0
801,UI/UX Design,UI/UX Designer,Zomato,Pune,0-2 Years,5.9,0,0,0,0,0,0,0,1,1,1
802,Data Analytics,Business Analyst,Accenture,Noida,1-3 Years,11.8,0,1,1,1,0,0,1,0,0,0
803,UI/UX Design,Product Designer,PhonePe,Mumbai,0-2 Years,8,0,0,0,0,0,0,0,1,1,1
804,UI/UX Design,UX Designer,Amazon India,Delhi,0-2 Years,5.7,0,0,0,0,0,0,0,1,1,1
805,UI/UX Design,UX Researcher,Meesho,Delhi,0-2 Years,7.1,0,0,0,0,0,0,0,1,1,1
806,UI/UX Design,UI Designer,Paytm,Bengaluru,1-3 Years,12.9,0,0,1,0,0,0,0,1,1,1
807,Data Analytics,Analytics Associate,KPMG,Delhi,3-5 Years,21.4,1,0,1,1,1,1,1,0,0,0
808,UI/UX Design,UX Researcher,Amazon India,Hyderabad,0-2 Years,6.1,0,0,0,0,0,0,0,1,1,0
809,Data Analytics,Data Analyst,Accenture,Bengaluru,0-2 Years,6.7,1,1,1,0,1,0,1,0,0,0
810,Data Analytics,Analytics Associate,Genpact,Hyderabad,0-2 Years,4.9,1,1,1,1,1,1,0,1,0,0
811,Data Analytics,Data Analyst,EY,Bengaluru,0-2 Years,4.5,0,1,1,1,1,1,0,0,0,0
812,UI/UX Design,Product Designer,Zomato,Noida,1-3 Years,13.7,0,0,0,0,0,0,0,1,1,1
813,Data Analytics,Data Analyst,Deloitte,Noida,3-5 Years,19.3,1,1,1,1,0,1,1,0,0,0
814,Data Analytics,Reporting Analyst,Cognizant,Mumbai,1-3 Years,9.6,1,1,1,1,0,0,1,0,0,0
815,UI/UX Design,UI/UX Designer,Swiggy,Chennai,3-5 Years,15.2,0,0,0,1,0,0,0,1,1,1
816,Data Analytics,Analytics Associate,Accenture,Chennai,0-2 Years,5.4,1,1,1,1,0,1,1,0,0,0
817,UI/UX Design,Product Designer,CRED,Hyderabad,1-3 Years,9.7,0,1,0,0,0,0,0,1,1,0
818,Data Analytics,Reporting Analyst,EY,Pune,0-2 Years,5.2,1,0,1,0,1,0,1,0,0,0
819,UI/UX Design,Product Designer,CRED,Bengaluru,0-2 Years,5.1,0,0,0,0,0,0,0,1,1,1
820,Data Analytics,Analytics Associate,IBM,Gurugram,3-5 Years,16.8,1,1,1,1,1,1,1,0,0,0
821,Data Analytics,Analytics Associate,Genpact,Noida,0-2 Years,4.4,1,1,1,0,1,1,1,0,0,0
822,Data Analytics,BI Analyst,EY,Gurugram,1-3 Years,9.6,1,0,1,1,1,1,1,0,0,0
823,Data Analytics,BI Analyst,Infosys,Bengaluru,3-5 Years,15.7,1,1,1,0,0,0,0,0,0,0
824,Data Analytics,BI Analyst,Deloitte,Bengaluru,0-2 Years,6.5,0,1,1,0,1,1,1,0,0,0
825,Data Analytics,Reporting Analyst,Deloitte,Chennai,3-5 Years,21.4,1,1,1,1,0,1,1,0,0,0
826,Data Analytics,Reporting Analyst,PwC,Bengaluru,1-3 Years,12.6,1,1,1,0,1,1,1,0,0,0
827,Data Analytics,Data Analyst,IBM,Delhi,3-5 Years,16,1,1,1,0,1,1,1,0,0,0
828,Data Analytics,Business Analyst,Genpact,Gurugram,0-2 Years,7.6,1,1,1,1,1,1,1,0,0,0
829,UI/UX Design,UX Researcher,Groww,Bengaluru,1-3 Years,14.6,0,0,0,0,0,0,0,1,1,1
830,UI/UX Design,UX Designer,Amazon India,Bengaluru,0-2 Years,5.8,0,1,0,0,0,0,0,1,1,1
831,UI/UX Design,UX Designer,Meesho,Gurugram,0-2 Years,5.8,0,0,0,0,0,0,0,1,1,0
832,Data Analytics,Business Analyst,Infosys,Pune,1-3 Years,9.6,1,1,1,1,0,1,0,0,0,0
833,UI/UX Design,UX Researcher,CRED,Pune,0-2 Years,6.8,1,0,0,0,0,0,1,1,1,0
834,UI/UX Design,UX Designer,Meesho,Hyderabad,0-2 Years,6.6,0,0,1,0,0,0,0,1,1,1
835,UI/UX Design,UI Designer,Zomato,Hyderabad,0-2 Years,5.5,0,1,0,0,0,0,0,1,1,0
836,UI/UX Design,UX Researcher,Meesho,Gurugram,3-5 Years,25,0,1,0,0,0,0,0,0,1,1
837,Data Analytics,Data Analyst,EY,Bengaluru,1-3 Years,8.5,1,1,0,1,0,0,1,0,0,0
838,Data Analytics,Analytics Associate,KPMG,Noida,0-2 Years,7.5,1,1,1,1,1,0,1,0,1,0
839,Data Analytics,Analytics Associate,Accenture,Delhi,0-2 Years,5.9,1,0,1,0,0,1,1,0,0,0
840,Data Analytics,Data Analyst,IBM,Gurugram,0-2 Years,5.6,1,1,1,1,1,1,1,0,1,0
841,Data Analytics,Data Analyst,IBM,Noida,0-2 Years,7,0,1,1,1,1,1,1,0,0,0
842,Data Analytics,Data Analyst,Infosys,Hyderabad,1-3 Years,11.2,1,1,1,1,0,1,1,0,0,0
843,UI/UX Design,UX Researcher,CRED,Noida,0-2 Years,8.9,0,1,0,1,0,0,0,1,1,0
844,UI/UX Design,UI Designer,Paytm,Mumbai,1-3 Years,12.2,0,0,0,0,0,0,0,1,0,1
845,UI/UX Design,UX Designer,CRED,Gurugram,1-3 Years,12.6,0,0,0,0,0,0,0,1,1,1
846,UI/UX Design,UI/UX Designer,Flipkart,Bengaluru,0-2 Years,8.8,0,0,0,0,0,0,0,1,0,1
847,UI/UX Design,UX Designer,PhonePe,Hyderabad,1-3 Years,14.5,0,0,0,0,0,0,0,1,1,1
848,Data Analytics,Business Analyst,EY,Pune,0-2 Years,7.2,1,1,1,1,0,1,1,0,0,0
849,UI/UX Design,UI/UX Designer,Meesho,Noida,1-3 Years,10.6,0,0,0,0,0,0,0,1,1,0
850,Data Analytics,Analytics Associate,EY,Chennai,1-3 Years,8.9,1,1,0,1,1,1,0,0,0,0
851,Data Analytics,BI Analyst,IBM,Gurugram,3-5 Years,15.3,1,1,1,1,0,1,1,0,1,0
852,Data Analytics,Reporting Analyst,PwC,Mumbai,1-3 Years,10.7,1,1,1,1,0,1,1,0,0,0
853,Data Analytics,Analytics Associate,Accenture,Hyderabad,1-3 Years,12.2,1,0,1,1,1,0,1,0,0,0
854,UI/UX Design,UI Designer,Amazon India,Pune,0-2 Years,7.9,1,0,0,0,0,0,0,1,1,1
855,Data Analytics,Data Analyst,Infosys,Hyderabad,0-2 Years,5.1,1,1,1,0,0,1,1,0,0,0
856,Data Analytics,BI Analyst,KPMG,Pune,1-3 Years,8,0,1,1,1,1,0,1,0,0,0
857,Data Analytics,Data Analyst,Accenture,Mumbai,0-2 Years,7,1,1,1,0,1,0,1,0,0,0
858,UI/UX Design,UX Researcher,Flipkart,Bengaluru,0-2 Years,5.7,1,0,0,0,0,1,0,1,1,1
859,Data Analytics,BI Analyst,Cognizant,Bengaluru,1-3 Years,11.7,1,1,1,1,0,1,1,0,0,0
860,UI/UX Design,Product Designer,PhonePe,Pune,1-3 Years,13,0,0,0,0,0,0,0,1,1,0
861,Data Analytics,Reporting Analyst,Cognizant,Mumbai,3-5 Years,16.1,1,1,1,0,0,1,1,0,0,0
862,Data Analytics,BI Analyst,PwC,Bengaluru,0-2 Years,5.9,1,1,0,1,0,1,0,0,1,0
863,UI/UX Design,UX Researcher,CRED,Pune,3-5 Years,20.6,0,1,0,0,0,0,0,1,1,0
864,UI/UX Design,UX Researcher,Flipkart,Hyderabad,3-5 Years,19.6,0,1,0,0,0,0,0,1,1,0
865,Data Analytics,Analytics Associate,EY,Mumbai,0-2 Years,5.6,1,1,1,1,0,1,1,0,0,0
866,UI/UX Design,UI Designer,PhonePe,Hyderabad,0-2 Years,8.9,0,0,1,0,0,1,0,1,1,1
867,Data Analytics,BI Analyst,EY,Hyderabad,0-2 Years,5.3,1,1,1,0,1,1,1,0,0,0
868,Data Analytics,Reporting Analyst,TCS,Pune,1-3 Years,8.8,1,1,1,1,0,1,0,0,0,0
869,Data Analytics,Reporting Analyst,Deloitte,Bengaluru,0-2 Years,7.4,1,1,1,0,1,0,1,0,0,0
870,Data Analytics,Analytics Associate,KPMG,Bengaluru,1-3 Years,9.6,1,1,0,1,1,1,1,0,1,0
871,UI/UX Design,Product Designer,Flipkart,Hyderabad,1-3 Years,13.3,0,1,0,0,0,0,0,1,1,1
872,Data Analytics,Reporting Analyst,Genpact,Gurugram,1-3 Years,12.9,1,1,1,1,1,1,1,0,0,0
873,UI/UX Design,UI Designer,CRED,Bengaluru,1-3 Years,13.9,0,0,0,0,0,0,0,1,1,0
874,Data Analytics,Analytics Associate,PwC,Mumbai,0-2 Years,6.8,1,1,1,1,0,1,1,0,0,0
875,UI/UX Design,Product Designer,Groww,Bengaluru,0-2 Years,6,0,0,0,0,0,0,0,1,1,0
876,UI/UX Design,UI/UX Designer,Zomato,Delhi,1-3 Years,10.7,0,0,0,0,0,0,0,1,0,1
877,UI/UX Design,UX Designer,PhonePe,Bengaluru,1-3 Years,12.4,0,0,0,0,0,0,0,1,1,1
878,Data Analytics,Analytics Associate,Accenture,Bengaluru,0-2 Years,7,1,1,1,1,0,0,1,0,0,0
879,UI/UX Design,UX Designer,Meesho,Pune,1-3 Years,14.4,0,1,0,0,0,0,1,1,1,1
880,Data Analytics,Business Analyst,Deloitte,Bengaluru,3-5 Years,20.8,1,1,1,1,0,0,1,0,0,0
881,Data Analytics,Reporting Analyst,Genpact,Bengaluru,3-5 Years,20.2,1,1,1,0,0,1,1,0,1,0
882,UI/UX Design,UX Researcher,Groww,Bengaluru,0-2 Years,5.7,0,0,0,0,0,0,0,1,1,1
883,UI/UX Design,UI/UX Designer,CRED,Gurugram,3-5 Years,23.2,0,0,0,0,0,0,1,1,1,1
884,Data Analytics,Business Analyst,TCS,Chennai,0-2 Years,6.1,1,1,1,1,1,1,1,0,0,0
885,Data Analytics,BI Analyst,EY,Pune,3-5 Years,20,1,0,0,1,0,0,1,0,0,0
886,Data Analytics,Analytics Associate,KPMG,Chennai,3-5 Years,19.6,1,1,1,1,0,0,1,0,0,0
887,Data Analytics,Reporting Analyst,Deloitte,Bengaluru,1-3 Years,10.2,1,1,1,1,1,1,1,0,0,0
888,Data Analytics,Analytics Associate,Genpact,Bengaluru,1-3 Years,10,1,1,1,0,0,1,1,0,0,0
889,UI/UX Design,UI/UX Designer,Groww,Chennai,0-2 Years,8.4,0,0,0,0,0,0,0,1,1,1
890,UI/UX Design,UX Researcher,Amazon India,Gurugram,1-3 Years,10.3,0,0,0,0,0,0,0,1,1,0
891,Data Analytics,BI Analyst,Cognizant,Gurugram,0-2 Years,4.7,1,1,1,1,1,1,1,0,0,0
892,Data Analytics,Reporting Analyst,Deloitte,Hyderabad,1-3 Years,11,0,1,1,1,0,0,1,0,0,0
893,Data Analytics,Business Analyst,Infosys,Pune,1-3 Years,14,1,1,1,1,0,0,1,0,0,0
894,Data Analytics,BI Analyst,Deloitte,Pune,3-5 Years,14.7,1,1,0,1,1,1,1,0,0,0
895,UI/UX Design,UI/UX Designer,Zomato,Hyderabad,0-2 Years,5.6,0,1,0,0,0,0,0,1,1,1
896,Data Analytics,Business Analyst,Infosys,Pune,0-2 Years,4,1,1,0,0,0,1,1,0,0,0
897,Data Analytics,Analytics Associate,PwC,Mumbai,0-2 Years,6.2,1,1,0,1,0,1,1,0,0,0
898,Data Analytics,Analytics Associate,Cognizant,Noida,1-3 Years,10.1,0,1,0,1,0,1,1,0,0,0
899,Data Analytics,Reporting Analyst,Genpact,Mumbai,0-2 Years,7.8,1,1,0,0,1,0,0,0,0,0
900,Data Analytics,Data Analyst,Deloitte,Bengaluru,0-2 Years,4,1,1,0,1,1,0,1,0,0,0
901,UI/UX Design,UX Designer,Razorpay,Gurugram,0-2 Years,8,0,0,0,0,0,0,0,1,1,1
902,UI/UX Design,Product Designer,Swiggy,Pune,1-3 Years,11.7,1,1,1,0,0,0,0,1,1,1
903,Data Analytics,BI Analyst,KPMG,Hyderabad,1-3 Years,8.2,1,1,1,1,1,1,1,0,0,0
904,UI/UX Design,UX Researcher,Meesho,Chennai,0-2 Years,5.4,0,0,0,0,0,0,0,1,1,1
905,Data Analytics,Data Analyst,Infosys,Bengaluru,1-3 Years,8,1,1,1,1,1,1,1,0,0,0
906,Data Analytics,Analytics Associate,TCS,Chennai,3-5 Years,19.7,1,1,1,1,0,0,1,0,0,0
907,UI/UX Design,UX Designer,Razorpay,Pune,0-2 Years,8.8,0,1,0,0,0,0,0,1,1,1
908,UI/UX Design,UI/UX Designer,CRED,Gurugram,3-5 Years,23.4,0,0,0,0,0,0,0,1,1,1
909,UI/UX Design,UX Researcher,Amazon India,Pune,1-3 Years,10.4,0,0,0,0,0,0,0,1,1,1
910,Data Analytics,Data Analyst,TCS,Pune,1-3 Years,10.2,1,1,1,0,1,0,1,0,0,0
911,Data Analytics,Data Analyst,IBM,Pune,3-5 Years,17.5,1,1,0,0,0,1,1,0,0,0
912,Data Analytics,Reporting Analyst,Deloitte,Hyderabad,0-2 Years,6.9,1,1,1,1,0,1,1,0,0,0
913,UI/UX Design,UX Researcher,Swiggy,Gurugram,0-2 Years,7.3,0,0,0,0,0,0,0,1,1,1
914,Data Analytics,Reporting Analyst,PwC,Bengaluru,1-3 Years,10.9,1,1,1,0,1,1,1,0,0,0
915,Data Analytics,BI Analyst,Accenture,Pune,3-5 Years,21.5,1,1,1,1,1,1,1,0,0,0
916,Data Analytics,Reporting Analyst,PwC,Chennai,3-5 Years,17.5,1,1,1,0,0,1,0,0,0,0
917,Data Analytics,BI Analyst,Infosys,Pune,1-3 Years,12.8,1,1,0,1,1,1,1,0,0,0
918,UI/UX Design,UX Researcher,Swiggy,Chennai,1-3 Years,9.4,1,0,0,0,0,0,0,1,1,0
919,Data Analytics,Data Analyst,TCS,Mumbai,1-3 Years,12.5,1,1,1,1,0,1,1,0,0,0
920,UI/UX Design,UI/UX Designer,Swiggy,Bengaluru,0-2 Years,8.6,0,1,0,0,0,0,0,1,1,0
921,Data Analytics,Business Analyst,Cognizant,Noida,3-5 Years,18.2,1,1,0,1,1,1,1,0,0,0
922,Data Analytics,Data Analyst,Deloitte,Chennai,1-3 Years,13.3,1,1,0,1,0,0,0,0,1,0
923,UI/UX Design,Product Designer,PhonePe,Mumbai,3-5 Years,23.1,1,0,0,0,0,0,0,1,1,1
924,UI/UX Design,Product Designer,Amazon India,Chennai,0-2 Years,6.9,0,0,0,0,0,0,0,1,1,1
925,Data Analytics,BI Analyst,EY,Hyderabad,1-3 Years,10.1,1,1,1,1,1,0,1,0,0,0
926,Data Analytics,BI Analyst,PwC,Hyderabad,0-2 Years,4.3,1,1,0,0,1,0,0,0,1,0
927,Data Analytics,Business Analyst,PwC,Bengaluru,0-2 Years,6.1,0,1,0,1,0,1,0,0,0,0
928,UI/UX Design,Product Designer,CRED,Gurugram,1-3 Years,9.1,0,0,0,0,0,0,0,1,1,1
929,Data Analytics,BI Analyst,PwC,Gurugram,0-2 Years,6.6,0,1,1,1,0,1,1,0,0,0
930,Data Analytics,Reporting Analyst,EY,Mumbai,0-2 Years,5.7,1,1,1,1,1,1,1,0,0,0
931,Data Analytics,Analytics Associate,TCS,Hyderabad,0-2 Years,6.4,0,1,1,1,1,1,0,0,0,0
932,UI/UX Design,UX Researcher,Flipkart,Pune,1-3 Years,14.7,0,0,0,0,0,0,0,1,1,1
933,Data Analytics,Analytics Associate,Cognizant,Noida,3-5 Years,14.4,1,1,1,0,1,1,1,0,0,0
934,UI/UX Design,Product Designer,Meesho,Hyderabad,0-2 Years,7.5,0,0,0,0,0,0,1,1,1,1
935,UI/UX Design,UX Designer,PhonePe,Mumbai,0-2 Years,7.3,0,0,0,0,0,0,0,1,0,1
936,Data Analytics,BI Analyst,KPMG,Chennai,1-3 Years,10.1,0,1,0,0,1,1,1,0,0,0
937,Data Analytics,BI Analyst,Accenture,Gurugram,1-3 Years,11.9,1,1,1,0,0,1,1,0,0,0
938,Data Analytics,Reporting Analyst,EY,Hyderabad,1-3 Years,8.6,0,0,1,1,1,0,1,1,0,0
939,Data Analytics,Reporting Analyst,EY,Pune,1-3 Years,12.1,1,1,0,1,0,1,1,0,0,0
940,Data Analytics,Data Analyst,EY,Mumbai,0-2 Years,7.2,1,1,1,1,0,1,1,0,0,0
941,UI/UX Design,UX Designer,Paytm,Noida,0-2 Years,6.9,0,0,0,0,0,0,0,1,1,0
942,Data Analytics,Reporting Analyst,IBM,Bengaluru,1-3 Years,8.6,1,1,1,0,1,1,1,0,1,0
943,Data Analytics,Data Analyst,EY,Hyderabad,3-5 Years,16.7,0,1,1,1,0,1,0,0,0,0
944,UI/UX Design,UX Designer,CRED,Mumbai,0-2 Years,6.1,0,1,0,0,0,0,0,1,1,1
945,Data Analytics,BI Analyst,PwC,Bengaluru,0-2 Years,7.7,0,1,1,1,1,1,1,0,0,0
946,Data Analytics,Business Analyst,Deloitte,Pune,0-2 Years,4.1,1,1,0,1,0,1,0,0,0,0
947,UI/UX Design,Product Designer,Zomato,Bengaluru,1-3 Years,12,0,1,0,0,0,0,0,1,1,1
948,UI/UX Design,UX Designer,Flipkart,Mumbai,0-2 Years,6.7,0,1,0,0,0,0,0,1,0,1
949,UI/UX Design,UX Researcher,PhonePe,Bengaluru,0-2 Years,8.8,0,1,0,0,0,0,0,1,1,1
950,UI/UX Design,UX Researcher,Amazon India,Hyderabad,3-5 Years,20.6,0,0,0,0,0,0,0,1,1,1
951,Data Analytics,Analytics Associate,Infosys,Pune,0-2 Years,7.3,0,1,1,1,1,1,1,0,1,0
952,UI/UX Design,UI/UX Designer,Razorpay,Hyderabad,0-2 Years,7.1,0,0,0,0,0,0,0,1,0,1
953,Data Analytics,Business Analyst,Accenture,Chennai,0-2 Years,4.1,1,1,1,0,1,1,1,0,0,0
954,Data Analytics,Business Analyst,Accenture,Mumbai,0-2 Years,6.5,1,1,1,1,1,1,1,0,0,0
955,Data Analytics,Reporting Analyst,PwC,Bengaluru,1-3 Years,12.5,1,1,1,0,1,1,1,0,0,0
956,Data Analytics,Business Analyst,Genpact,Noida,1-3 Years,8,1,1,1,0,0,1,0,0,0,0
957,UI/UX Design,UI/UX Designer,Meesho,Mumbai,3-5 Years,22.1,0,1,0,0,0,1,0,1,1,1
958,UI/UX Design,Product Designer,Zomato,Bengaluru,0-2 Years,8,0,0,0,0,0,0,0,1,1,0
959,Data Analytics,BI Analyst,Infosys,Hyderabad,0-2 Years,5,1,1,1,1,1,1,1,0,0,0
960,Data Analytics,Business Analyst,EY,Gurugram,1-3 Years,10.8,0,1,1,1,0,1,0,0,0,0
961,Data Analytics,Business Analyst,TCS,Bengaluru,3-5 Years,17.1,1,1,0,1,1,1,1,0,0,1
962,Data Analytics,Data Analyst,KPMG,Bengaluru,0-2 Years,5.3,1,1,0,1,0,1,1,0,0,0
963,UI/UX Design,UI Designer,Groww,Chennai,0-2 Years,8.7,0,1,0,0,0,1,0,1,0,1
964,Data Analytics,Business Analyst,Genpact,Hyderabad,1-3 Years,11.7,0,1,1,1,0,0,1,0,0,0
965,Data Analytics,Reporting Analyst,IBM,Hyderabad,0-2 Years,5.1,1,0,1,1,1,1,1,0,0,0
966,Data Analytics,Analytics Associate,TCS,Hyderabad,1-3 Years,11.8,0,1,1,1,0,1,1,0,0,0
967,Data Analytics,Data Analyst,TCS,Bengaluru,1-3 Years,8.8,0,1,1,0,1,1,0,0,0,0
968,Data Analytics,Business Analyst,PwC,Bengaluru,1-3 Years,8.2,1,1,1,0,0,1,0,1,0,1
969,UI/UX Design,UI Designer,Paytm,Bengaluru,0-2 Years,6.3,0,0,0,0,0,0,0,1,0,1
970,UI/UX Design,UI/UX Designer,Razorpay,Pune,1-3 Years,10.2,0,0,1,0,0,1,0,1,1,1
971,UI/UX Design,UX Researcher,Razorpay,Gurugram,1-3 Years,10.9,0,1,0,0,0,0,0,1,1,0
972,UI/UX Design,UX Researcher,CRED,Gurugram,1-3 Years,13.9,0,1,0,0,0,0,0,1,1,1
973,UI/UX Design,Product Designer,CRED,Pune,1-3 Years,12.3,0,0,0,0,0,0,0,1,1,1
974,UI/UX Design,UI Designer,CRED,Gurugram,0-2 Years,6.1,0,1,0,0,0,0,0,1,1,0
975,UI/UX Design,UI/UX Designer,Meesho,Chennai,1-3 Years,9.7,0,0,0,0,0,0,0,1,1,1
976,UI/UX Design,UI/UX Designer,Paytm,Pune,0-2 Years,7.1,0,0,0,1,0,0,0,1,1,1
977,Data Analytics,Analytics Associate,Deloitte,Bengaluru,0-2 Years,4.4,1,1,1,0,0,0,0,0,0,0
978,UI/UX Design,UX Researcher,Amazon India,Noida,0-2 Years,7.2,0,1,0,0,0,0,0,1,1,1
979,UI/UX Design,Product Designer,Meesho,Mumbai,0-2 Years,8.3,0,0,0,0,0,0,0,1,1,1
980,Data Analytics,Business Analyst,Infosys,Hyderabad,3-5 Years,17.7,1,1,0,0,1,1,1,0,0,0
981,Data Analytics,Data Analyst,KPMG,Bengaluru,0-2 Years,7.4,1,0,1,1,1,0,1,0,0,0
982,UI/UX Design,UX Researcher,Zomato,Pune,1-3 Years,11.9,0,1,0,0,0,1,0,1,1,0
983,Data Analytics,Reporting Analyst,IBM,Mumbai,0-2 Years,7.5,1,1,1,0,1,0,1,0,0,0
984,Data Analytics,Data Analyst,Accenture,Mumbai,1-3 Years,12.8,1,1,0,1,1,1,1,0,0,0
985,Data Analytics,BI Analyst,PwC,Hyderabad,1-3 Years,13.8,1,1,1,0,1,1,1,0,0,0
986,Data Analytics,Data Analyst,Genpact,Gurugram,3-5 Years,16.7,1,1,1,1,1,0,0,0,0,0
987,Data Analytics,Data Analyst,Infosys,Gurugram,0-2 Years,6.4,1,1,1,1,1,1,1,0,0,0
988,UI/UX Design,UX Designer,Meesho,Bengaluru,3-5 Years,21.8,0,0,1,0,0,1,0,1,1,1
989,Data Analytics,Business Analyst,PwC,Delhi,3-5 Years,21.1,1,1,1,1,1,1,1,1,0,0
990,UI/UX Design,Product Designer,Meesho,Bengaluru,1-3 Years,14.7,1,1,0,0,0,0,0,1,1,1
991,Data Analytics,Data Analyst,Cognizant,Noida,3-5 Years,14.9,0,1,0,0,0,1,1,0,0,0
992,UI/UX Design,UI/UX Designer,CRED,Pune,3-5 Years,19,0,0,0,0,0,0,0,1,1,1
993,Data Analytics,Business Analyst,Cognizant,Bengaluru,1-3 Years,11.3,1,1,1,0,1,0,1,0,0,0
994,Data Analytics,Analytics Associate,Cognizant,Bengaluru,0-2 Years,4.4,1,1,0,1,0,1,1,0,0,0
995,Data Analytics,Data Analyst,KPMG,Bengaluru,0-2 Years,4.9,1,1,1,1,1,1,1,0,0,0
996,Data Analytics,BI Analyst,TCS,Bengaluru,3-5 Years,18,1,1,1,0,0,1,0,0,0,0
997,UI/UX Design,UX Researcher,Groww,Bengaluru,0-2 Years,8.6,0,0,0,0,0,0,0,1,1,1
998,Data Analytics,BI Analyst,Infosys,Mumbai,0-2 Years,6.6,1,1,1,1,0,1,1,0,0,0
999,Data Analytics,Data Analyst,Genpact,Delhi,3-5 Years,15.8,1,1,1,0,0,0,1,0,0,0
1000,UI/UX Design,UX Designer,Amazon India,Gurugram,1-3 Years,11.1,0,0,0,0,0,1,1,1,1,1
